Strike,Expiration,OpenInterest,Type
543,2025-03-18,272,CALL
544,2025-03-18,57,CALL
545,2025-03-18,128,CALL
546,2025-03-18,62,CALL
547,2025-03-18,134,CALL
548,2025-03-18,77,CALL
549,2025-03-18,283,CALL
550,2025-03-18,329,CALL
551,2025-03-18,368,CALL
552,2025-03-18,378,CALL
553,2025-03-18,735,CALL
554,2025-03-18,718,CALL
555,2025-03-18,758,CALL
556,2025-03-18,571,CALL
557,2025-03-18,884,CALL
558,2025-03-18,820,CALL
559,2025-03-18,1176,CALL
560,2025-03-18,2512,CALL
561,2025-03-18,1097,CALL
562,2025-03-18,2330,CALL
563,2025-03-18,3349,CALL
564,2025-03-18,3515,CALL
565,2025-03-18,10418,CALL
566,2025-03-18,7001,CALL
567,2025-03-18,8713,CALL
568,2025-03-18,3717,CALL
569,2025-03-18,5627,CALL
570,2025-03-18,16243,CALL
571,2025-03-18,6205,CALL
572,2025-03-18,7852,CALL
573,2025-03-18,5933,CALL
574,2025-03-18,13894,CALL
575,2025-03-18,21883,CALL
576,2025-03-18,10504,CALL
577,2025-03-18,15391,CALL
578,2025-03-18,13776,CALL
579,2025-03-18,8904,CALL
580,2025-03-18,6904,CALL
581,2025-03-18,2799,CALL
582,2025-03-18,4000,CALL
583,2025-03-18,1847,CALL
584,2025-03-18,4072,CALL
585,2025-03-18,5013,CALL
586,2025-03-18,2463,CALL
587,2025-03-18,2073,CALL
588,2025-03-18,1351,CALL
589,2025-03-18,1429,CALL
590,2025-03-18,2079,CALL
591,2025-03-18,841,CALL
592,2025-03-18,1222,CALL
543,2025-03-19,57,CALL
544,2025-03-19,37,CALL
545,2025-03-19,66,CALL
546,2025-03-19,88,CALL
547,2025-03-19,59,CALL
548,2025-03-19,50,CALL
549,2025-03-19,121,CALL
550,2025-03-19,277,CALL
551,2025-03-19,180,CALL
552,2025-03-19,404,CALL
553,2025-03-19,332,CALL
554,2025-03-19,257,CALL
555,2025-03-19,572,CALL
556,2025-03-19,643,CALL
557,2025-03-19,520,CALL
558,2025-03-19,542,CALL
559,2025-03-19,701,CALL
560,2025-03-19,1433,CALL
561,2025-03-19,1071,CALL
562,2025-03-19,1377,CALL
563,2025-03-19,1213,CALL
564,2025-03-19,2199,CALL
565,2025-03-19,2065,CALL
566,2025-03-19,1465,CALL
567,2025-03-19,1769,CALL
568,2025-03-19,2751,CALL
569,2025-03-19,2253,CALL
570,2025-03-19,6067,CALL
571,2025-03-19,1557,CALL
572,2025-03-19,2250,CALL
573,2025-03-19,2254,CALL
574,2025-03-19,2794,CALL
575,2025-03-19,3591,CALL
576,2025-03-19,2798,CALL
577,2025-03-19,2246,CALL
578,2025-03-19,2130,CALL
579,2025-03-19,2992,CALL
580,2025-03-19,6849,CALL
581,2025-03-19,3134,CALL
582,2025-03-19,2228,CALL
583,2025-03-19,2820,CALL
584,2025-03-19,2031,CALL
585,2025-03-19,2873,CALL
586,2025-03-19,2021,CALL
587,2025-03-19,2027,CALL
588,2025-03-19,2316,CALL
589,2025-03-19,1583,CALL
590,2025-03-19,2081,CALL
591,2025-03-19,659,CALL
592,2025-03-19,660,CALL
543,2025-03-20,36,CALL
544,2025-03-20,4,CALL
545,2025-03-20,55,CALL
546,2025-03-20,18,CALL
547,2025-03-20,159,CALL
548,2025-03-20,37,CALL
549,2025-03-20,67,CALL
550,2025-03-20,6852,CALL
551,2025-03-20,280,CALL
552,2025-03-20,190,CALL
553,2025-03-20,394,CALL
554,2025-03-20,390,CALL
555,2025-03-20,809,CALL
556,2025-03-20,338,CALL
557,2025-03-20,314,CALL
558,2025-03-20,601,CALL
559,2025-03-20,681,CALL
560,2025-03-20,2596,CALL
561,2025-03-20,563,CALL
562,2025-03-20,967,CALL
563,2025-03-20,1344,CALL
564,2025-03-20,1641,CALL
565,2025-03-20,7246,CALL
566,2025-03-20,2633,CALL
567,2025-03-20,1592,CALL
568,2025-03-20,1221,CALL
569,2025-03-20,1074,CALL
570,2025-03-20,2513,CALL
571,2025-03-20,1358,CALL
572,2025-03-20,1908,CALL
573,2025-03-20,1232,CALL
574,2025-03-20,1441,CALL
575,2025-03-20,2234,CALL
576,2025-03-20,1228,CALL
577,2025-03-20,944,CALL
578,2025-03-20,2462,CALL
579,2025-03-20,899,CALL
580,2025-03-20,4295,CALL
581,2025-03-20,2078,CALL
582,2025-03-20,1804,CALL
583,2025-03-20,2606,CALL
584,2025-03-20,845,CALL
585,2025-03-20,1267,CALL
586,2025-03-20,1922,CALL
587,2025-03-20,1076,CALL
588,2025-03-20,984,CALL
589,2025-03-20,970,CALL
590,2025-03-20,1816,CALL
591,2025-03-20,418,CALL
592,2025-03-20,1260,CALL
543,2025-03-21,22,CALL
544,2025-03-21,40,CALL
545,2025-03-21,8852,CALL
546,2025-03-21,220,CALL
547,2025-03-21,248,CALL
548,2025-03-21,757,CALL
549,2025-03-21,683,CALL
550,2025-03-21,9984,CALL
551,2025-03-21,905,CALL
552,2025-03-21,1629,CALL
553,2025-03-21,1396,CALL
554,2025-03-21,1694,CALL
555,2025-03-21,7927,CALL
556,2025-03-21,1435,CALL
557,2025-03-21,1900,CALL
558,2025-03-21,2156,CALL
559,2025-03-21,2271,CALL
560,2025-03-21,12093,CALL
561,2025-03-21,2414,CALL
562,2025-03-21,2982,CALL
563,2025-03-21,2107,CALL
564,2025-03-21,2318,CALL
565,2025-03-21,26550,CALL
566,2025-03-21,2531,CALL
567,2025-03-21,5373,CALL
568,2025-03-21,2999,CALL
569,2025-03-21,3081,CALL
570,2025-03-21,38601,CALL
571,2025-03-21,17688,CALL
572,2025-03-21,5289,CALL
573,2025-03-21,4856,CALL
574,2025-03-21,5573,CALL
575,2025-03-21,27904,CALL
576,2025-03-21,6006,CALL
577,2025-03-21,7196,CALL
578,2025-03-21,17730,CALL
579,2025-03-21,6052,CALL
580,2025-03-21,78250,CALL
581,2025-03-21,10669,CALL
582,2025-03-21,12393,CALL
583,2025-03-21,7201,CALL
584,2025-03-21,8923,CALL
585,2025-03-21,37458,CALL
586,2025-03-21,3162,CALL
587,2025-03-21,3455,CALL
588,2025-03-21,6421,CALL
589,2025-03-21,5313,CALL
590,2025-03-21,53059,CALL
591,2025-03-21,2775,CALL
592,2025-03-21,6233,CALL
543,2025-03-24,21,CALL
544,2025-03-24,0,CALL
545,2025-03-24,26,CALL
546,2025-03-24,0,CALL
547,2025-03-24,6,CALL
548,2025-03-24,14,CALL
549,2025-03-24,20,CALL
550,2025-03-24,276,CALL
551,2025-03-24,16,CALL
552,2025-03-24,90,CALL
553,2025-03-24,289,CALL
554,2025-03-24,153,CALL
555,2025-03-24,309,CALL
556,2025-03-24,272,CALL
557,2025-03-24,252,CALL
558,2025-03-24,193,CALL
559,2025-03-24,488,CALL
560,2025-03-24,802,CALL
561,2025-03-24,273,CALL
562,2025-03-24,1185,CALL
563,2025-03-24,631,CALL
564,2025-03-24,1173,CALL
565,2025-03-24,1746,CALL
566,2025-03-24,1130,CALL
567,2025-03-24,441,CALL
568,2025-03-24,1090,CALL
569,2025-03-24,469,CALL
570,2025-03-24,3171,CALL
571,2025-03-24,882,CALL
572,2025-03-24,486,CALL
573,2025-03-24,461,CALL
574,2025-03-24,532,CALL
575,2025-03-24,1985,CALL
576,2025-03-24,800,CALL
577,2025-03-24,444,CALL
578,2025-03-24,581,CALL
579,2025-03-24,905,CALL
580,2025-03-24,2332,CALL
581,2025-03-24,527,CALL
582,2025-03-24,365,CALL
583,2025-03-24,680,CALL
584,2025-03-24,896,CALL
585,2025-03-24,2354,CALL
586,2025-03-24,327,CALL
587,2025-03-24,1886,CALL
588,2025-03-24,916,CALL
589,2025-03-24,435,CALL
590,2025-03-24,785,CALL
591,2025-03-24,513,CALL
592,2025-03-24,193,CALL
543,2025-03-25,12,CALL
544,2025-03-25,0,CALL
545,2025-03-25,49,CALL
546,2025-03-25,2,CALL
547,2025-03-25,0,CALL
548,2025-03-25,5,CALL
549,2025-03-25,10,CALL
550,2025-03-25,34,CALL
551,2025-03-25,43,CALL
552,2025-03-25,11,CALL
553,2025-03-25,164,CALL
554,2025-03-25,63,CALL
555,2025-03-25,392,CALL
556,2025-03-25,174,CALL
557,2025-03-25,352,CALL
558,2025-03-25,266,CALL
559,2025-03-25,160,CALL
560,2025-03-25,220,CALL
561,2025-03-25,127,CALL
562,2025-03-25,262,CALL
563,2025-03-25,475,CALL
564,2025-03-25,122,CALL
565,2025-03-25,522,CALL
566,2025-03-25,544,CALL
567,2025-03-25,331,CALL
568,2025-03-25,211,CALL
569,2025-03-25,116,CALL
570,2025-03-25,965,CALL
571,2025-03-25,194,CALL
572,2025-03-25,149,CALL
573,2025-03-25,187,CALL
574,2025-03-25,168,CALL
575,2025-03-25,531,CALL
576,2025-03-25,282,CALL
577,2025-03-25,168,CALL
578,2025-03-25,308,CALL
579,2025-03-25,157,CALL
580,2025-03-25,2692,CALL
581,2025-03-25,104,CALL
582,2025-03-25,449,CALL
583,2025-03-25,102,CALL
584,2025-03-25,312,CALL
585,2025-03-25,2707,CALL
586,2025-03-25,721,CALL
587,2025-03-25,313,CALL
588,2025-03-25,200,CALL
589,2025-03-25,63,CALL
590,2025-03-25,682,CALL
591,2025-03-25,155,CALL
592,2025-03-25,315,CALL
543,2025-03-26,0,CALL
544,2025-03-26,0,CALL
545,2025-03-26,0,CALL
546,2025-03-26,0,CALL
547,2025-03-26,2,CALL
548,2025-03-26,17,CALL
549,2025-03-26,2,CALL
550,2025-03-26,39,CALL
551,2025-03-26,17,CALL
552,2025-03-26,17,CALL
553,2025-03-26,154,CALL
554,2025-03-26,9,CALL
555,2025-03-26,131,CALL
556,2025-03-26,118,CALL
557,2025-03-26,210,CALL
558,2025-03-26,121,CALL
559,2025-03-26,245,CALL
560,2025-03-26,105,CALL
561,2025-03-26,335,CALL
562,2025-03-26,147,CALL
563,2025-03-26,169,CALL
564,2025-03-26,167,CALL
565,2025-03-26,1443,CALL
566,2025-03-26,261,CALL
567,2025-03-26,103,CALL
568,2025-03-26,231,CALL
569,2025-03-26,148,CALL
570,2025-03-26,833,CALL
571,2025-03-26,193,CALL
572,2025-03-26,298,CALL
573,2025-03-26,333,CALL
574,2025-03-26,437,CALL
575,2025-03-26,763,CALL
576,2025-03-26,343,CALL
577,2025-03-26,380,CALL
578,2025-03-26,415,CALL
579,2025-03-26,204,CALL
580,2025-03-26,913,CALL
581,2025-03-26,261,CALL
582,2025-03-26,207,CALL
583,2025-03-26,322,CALL
584,2025-03-26,936,CALL
585,2025-03-26,222,CALL
586,2025-03-26,49,CALL
587,2025-03-26,227,CALL
588,2025-03-26,270,CALL
589,2025-03-26,655,CALL
590,2025-03-26,3051,CALL
591,2025-03-26,204,CALL
592,2025-03-26,433,CALL
543,2025-03-27,0,CALL
544,2025-03-27,0,CALL
545,2025-03-27,3,CALL
546,2025-03-27,1,CALL
547,2025-03-27,0,CALL
548,2025-03-27,26,CALL
549,2025-03-27,30,CALL
550,2025-03-27,76,CALL
551,2025-03-27,5,CALL
552,2025-03-27,11,CALL
553,2025-03-27,51,CALL
554,2025-03-27,52,CALL
555,2025-03-27,72,CALL
556,2025-03-27,151,CALL
557,2025-03-27,242,CALL
558,2025-03-27,300,CALL
559,2025-03-27,128,CALL
560,2025-03-27,287,CALL
561,2025-03-27,173,CALL
562,2025-03-27,92,CALL
563,2025-03-27,82,CALL
564,2025-03-27,321,CALL
565,2025-03-27,346,CALL
566,2025-03-27,71,CALL
567,2025-03-27,129,CALL
568,2025-03-27,123,CALL
569,2025-03-27,97,CALL
570,2025-03-27,422,CALL
571,2025-03-27,89,CALL
572,2025-03-27,121,CALL
573,2025-03-27,309,CALL
574,2025-03-27,43,CALL
575,2025-03-27,307,CALL
576,2025-03-27,67,CALL
577,2025-03-27,84,CALL
578,2025-03-27,399,CALL
579,2025-03-27,140,CALL
580,2025-03-27,540,CALL
581,2025-03-27,160,CALL
582,2025-03-27,216,CALL
583,2025-03-27,19,CALL
584,2025-03-27,275,CALL
585,2025-03-27,108,CALL
586,2025-03-27,325,CALL
587,2025-03-27,64,CALL
588,2025-03-27,88,CALL
589,2025-03-27,23,CALL
590,2025-03-27,53,CALL
595,2025-03-27,1751,CALL
600,2025-03-27,172,CALL
543,2025-03-28,2,CALL
544,2025-03-28,1,CALL
545,2025-03-28,65,CALL
546,2025-03-28,3,CALL
547,2025-03-28,40,CALL
548,2025-03-28,98,CALL
549,2025-03-28,22,CALL
550,2025-03-28,278,CALL
551,2025-03-28,87,CALL
552,2025-03-28,255,CALL
553,2025-03-28,293,CALL
554,2025-03-28,487,CALL
555,2025-03-28,1161,CALL
556,2025-03-28,352,CALL
557,2025-03-28,858,CALL
558,2025-03-28,988,CALL
559,2025-03-28,859,CALL
560,2025-03-28,3585,CALL
561,2025-03-28,625,CALL
562,2025-03-28,836,CALL
563,2025-03-28,759,CALL
564,2025-03-28,557,CALL
565,2025-03-28,3119,CALL
566,2025-03-28,2237,CALL
567,2025-03-28,636,CALL
568,2025-03-28,1480,CALL
569,2025-03-28,1213,CALL
570,2025-03-28,6304,CALL
571,2025-03-28,814,CALL
572,2025-03-28,2714,CALL
573,2025-03-28,1322,CALL
574,2025-03-28,1090,CALL
575,2025-03-28,6048,CALL
576,2025-03-28,825,CALL
577,2025-03-28,1094,CALL
578,2025-03-28,1162,CALL
579,2025-03-28,1607,CALL
580,2025-03-28,5738,CALL
581,2025-03-28,917,CALL
582,2025-03-28,4362,CALL
582.5,2025-03-28,378,CALL
583,2025-03-28,1924,CALL
584,2025-03-28,2754,CALL
585,2025-03-28,4279,CALL
586,2025-03-28,2243,CALL
587,2025-03-28,1044,CALL
588,2025-03-28,1800,CALL
589,2025-03-28,822,CALL
590,2025-03-28,8879,CALL
591,2025-03-28,1751,CALL
541,2025-03-31,793,CALL
542,2025-03-31,2432,CALL
543,2025-03-31,876,CALL
544,2025-03-31,2437,CALL
545,2025-03-31,574,CALL
546,2025-03-31,443,CALL
547,2025-03-31,381,CALL
550,2025-03-31,1354,CALL
551,2025-03-31,393,CALL
552,2025-03-31,313,CALL
553,2025-03-31,311,CALL
554,2025-03-31,472,CALL
555,2025-03-31,949,CALL
556,2025-03-31,389,CALL
557,2025-03-31,205,CALL
558,2025-03-31,1517,CALL
559,2025-03-31,338,CALL
560,2025-03-31,3045,CALL
561,2025-03-31,1421,CALL
562,2025-03-31,1169,CALL
563,2025-03-31,2516,CALL
564,2025-03-31,523,CALL
565,2025-03-31,5416,CALL
566,2025-03-31,697,CALL
567,2025-03-31,901,CALL
568,2025-03-31,2288,CALL
569,2025-03-31,552,CALL
570,2025-03-31,4968,CALL
571,2025-03-31,511,CALL
572,2025-03-31,1992,CALL
573,2025-03-31,1500,CALL
574,2025-03-31,1345,CALL
575,2025-03-31,8918,CALL
576,2025-03-31,1925,CALL
577,2025-03-31,2254,CALL
578,2025-03-31,1609,CALL
579,2025-03-31,1868,CALL
580,2025-03-31,5847,CALL
581,2025-03-31,2522,CALL
582,2025-03-31,1906,CALL
583,2025-03-31,2144,CALL
584,2025-03-31,1318,CALL
585,2025-03-31,12143,CALL
586,2025-03-31,2235,CALL
587,2025-03-31,3258,CALL
588,2025-03-31,2131,CALL
589,2025-03-31,1772,CALL
590,2025-03-31,14845,CALL
591,2025-03-31,2289,CALL
592,2025-03-31,2215,CALL
520,2025-04-01,0,CALL
530,2025-04-01,0,CALL
540,2025-04-01,0,CALL
550,2025-04-01,0,CALL
555,2025-04-01,0,CALL
556,2025-04-01,0,CALL
557,2025-04-01,0,CALL
558,2025-04-01,0,CALL
559,2025-04-01,0,CALL
560,2025-04-01,0,CALL
561,2025-04-01,0,CALL
562,2025-04-01,0,CALL
563,2025-04-01,0,CALL
564,2025-04-01,0,CALL
565,2025-04-01,0,CALL
566,2025-04-01,0,CALL
567,2025-04-01,0,CALL
568,2025-04-01,0,CALL
569,2025-04-01,0,CALL
570,2025-04-01,0,CALL
571,2025-04-01,0,CALL
572,2025-04-01,0,CALL
573,2025-04-01,0,CALL
574,2025-04-01,0,CALL
575,2025-04-01,0,CALL
580,2025-04-01,0,CALL
590,2025-04-01,0,CALL
600,2025-04-01,0,CALL
610,2025-04-01,0,CALL
620,2025-04-01,0,CALL
546,2025-04-04,1,CALL
547,2025-04-04,11,CALL
547.5,2025-04-04,106,CALL
548,2025-04-04,162,CALL
549,2025-04-04,144,CALL
550,2025-04-04,736,CALL
551,2025-04-04,73,CALL
552,2025-04-04,156,CALL
552.5,2025-04-04,169,CALL
553,2025-04-04,117,CALL
554,2025-04-04,107,CALL
555,2025-04-04,666,CALL
556,2025-04-04,275,CALL
557,2025-04-04,160,CALL
557.5,2025-04-04,162,CALL
558,2025-04-04,1338,CALL
559,2025-04-04,314,CALL
560,2025-04-04,3511,CALL
561,2025-04-04,653,CALL
562,2025-04-04,448,CALL
563,2025-04-04,1221,CALL
564,2025-04-04,618,CALL
565,2025-04-04,1623,CALL
566,2025-04-04,928,CALL
567,2025-04-04,859,CALL
568,2025-04-04,736,CALL
569,2025-04-04,479,CALL
570,2025-04-04,4341,CALL
571,2025-04-04,803,CALL
572,2025-04-04,542,CALL
573,2025-04-04,513,CALL
574,2025-04-04,592,CALL
575,2025-04-04,1716,CALL
576,2025-04-04,1304,CALL
577,2025-04-04,565,CALL
578,2025-04-04,986,CALL
579,2025-04-04,1337,CALL
580,2025-04-04,4202,CALL
581,2025-04-04,1649,CALL
582,2025-04-04,1471,CALL
583,2025-04-04,1845,CALL
584,2025-04-04,721,CALL
585,2025-04-04,6163,CALL
586,2025-04-04,544,CALL
587,2025-04-04,783,CALL
588,2025-04-04,715,CALL
589,2025-04-04,452,CALL
590,2025-04-04,3087,CALL
591,2025-04-04,808,CALL
592,2025-04-04,1389,CALL
544,2025-04-11,65,CALL
545,2025-04-11,171,CALL
546,2025-04-11,47,CALL
547,2025-04-11,78,CALL
548,2025-04-11,103,CALL
549,2025-04-11,136,CALL
550,2025-04-11,255,CALL
551,2025-04-11,118,CALL
552,2025-04-11,137,CALL
553,2025-04-11,114,CALL
554,2025-04-11,93,CALL
555,2025-04-11,598,CALL
556,2025-04-11,284,CALL
557,2025-04-11,217,CALL
558,2025-04-11,205,CALL
559,2025-04-11,259,CALL
560,2025-04-11,1587,CALL
561,2025-04-11,67,CALL
562,2025-04-11,269,CALL
562.5,2025-04-11,225,CALL
563,2025-04-11,171,CALL
564,2025-04-11,315,CALL
565,2025-04-11,2134,CALL
566,2025-04-11,265,CALL
567,2025-04-11,381,CALL
568,2025-04-11,525,CALL
569,2025-04-11,362,CALL
570,2025-04-11,1868,CALL
571,2025-04-11,168,CALL
572,2025-04-11,378,CALL
573,2025-04-11,491,CALL
574,2025-04-11,694,CALL
575,2025-04-11,1899,CALL
576,2025-04-11,713,CALL
577,2025-04-11,569,CALL
578,2025-04-11,612,CALL
579,2025-04-11,325,CALL
580,2025-04-11,1615,CALL
581,2025-04-11,303,CALL
582,2025-04-11,721,CALL
582.5,2025-04-11,200,CALL
583,2025-04-11,443,CALL
584,2025-04-11,629,CALL
585,2025-04-11,4278,CALL
586,2025-04-11,1087,CALL
587,2025-04-11,541,CALL
587.5,2025-04-11,195,CALL
588,2025-04-11,265,CALL
589,2025-04-11,402,CALL
590,2025-04-11,3298,CALL
543,2025-04-17,361,CALL
544,2025-04-17,298,CALL
545,2025-04-17,2927,CALL
546,2025-04-17,372,CALL
547,2025-04-17,137,CALL
548,2025-04-17,415,CALL
549,2025-04-17,624,CALL
550,2025-04-17,9169,CALL
551,2025-04-17,860,CALL
552,2025-04-17,722,CALL
553,2025-04-17,724,CALL
554,2025-04-17,942,CALL
555,2025-04-17,10813,CALL
556,2025-04-17,656,CALL
557,2025-04-17,933,CALL
558,2025-04-17,1216,CALL
559,2025-04-17,1866,CALL
560,2025-04-17,10004,CALL
561,2025-04-17,1593,CALL
562,2025-04-17,1674,CALL
563,2025-04-17,1871,CALL
564,2025-04-17,1651,CALL
565,2025-04-17,6421,CALL
566,2025-04-17,1392,CALL
567,2025-04-17,2202,CALL
568,2025-04-17,2105,CALL
569,2025-04-17,2295,CALL
570,2025-04-17,13387,CALL
571,2025-04-17,1654,CALL
572,2025-04-17,2752,CALL
573,2025-04-17,1928,CALL
574,2025-04-17,2668,CALL
575,2025-04-17,15937,CALL
576,2025-04-17,3601,CALL
577,2025-04-17,3641,CALL
578,2025-04-17,2469,CALL
579,2025-04-17,2906,CALL
580,2025-04-17,20849,CALL
581,2025-04-17,2077,CALL
582,2025-04-17,2454,CALL
583,2025-04-17,2581,CALL
584,2025-04-17,1964,CALL
585,2025-04-17,14558,CALL
586,2025-04-17,2861,CALL
587,2025-04-17,2833,CALL
588,2025-04-17,4250,CALL
589,2025-04-17,6734,CALL
590,2025-04-17,38764,CALL
591,2025-04-17,3491,CALL
592,2025-04-17,5196,CALL
544,2025-04-25,76,CALL
545,2025-04-25,30,CALL
546,2025-04-25,59,CALL
547,2025-04-25,120,CALL
548,2025-04-25,152,CALL
549,2025-04-25,143,CALL
550,2025-04-25,164,CALL
551,2025-04-25,45,CALL
552,2025-04-25,105,CALL
553,2025-04-25,94,CALL
554,2025-04-25,75,CALL
555,2025-04-25,172,CALL
556,2025-04-25,88,CALL
557,2025-04-25,121,CALL
558,2025-04-25,182,CALL
559,2025-04-25,56,CALL
560,2025-04-25,321,CALL
561,2025-04-25,37,CALL
562,2025-04-25,29,CALL
562.5,2025-04-25,171,CALL
563,2025-04-25,108,CALL
564,2025-04-25,141,CALL
565,2025-04-25,463,CALL
566,2025-04-25,113,CALL
567,2025-04-25,203,CALL
568,2025-04-25,165,CALL
569,2025-04-25,177,CALL
570,2025-04-25,490,CALL
571,2025-04-25,187,CALL
572,2025-04-25,184,CALL
573,2025-04-25,225,CALL
574,2025-04-25,152,CALL
575,2025-04-25,702,CALL
576,2025-04-25,475,CALL
577,2025-04-25,392,CALL
578,2025-04-25,365,CALL
579,2025-04-25,298,CALL
580,2025-04-25,556,CALL
581,2025-04-25,129,CALL
582,2025-04-25,213,CALL
583,2025-04-25,240,CALL
584,2025-04-25,43,CALL
585,2025-04-25,408,CALL
586,2025-04-25,229,CALL
587,2025-04-25,205,CALL
588,2025-04-25,134,CALL
589,2025-04-25,213,CALL
590,2025-04-25,1181,CALL
591,2025-04-25,139,CALL
592,2025-04-25,179,CALL
543,2025-04-30,104,CALL
544,2025-04-30,101,CALL
545,2025-04-30,270,CALL
546,2025-04-30,60,CALL
547,2025-04-30,123,CALL
548,2025-04-30,202,CALL
549,2025-04-30,221,CALL
550,2025-04-30,382,CALL
551,2025-04-30,223,CALL
552,2025-04-30,464,CALL
553,2025-04-30,228,CALL
554,2025-04-30,306,CALL
555,2025-04-30,340,CALL
556,2025-04-30,171,CALL
557,2025-04-30,263,CALL
558,2025-04-30,220,CALL
559,2025-04-30,326,CALL
560,2025-04-30,1607,CALL
561,2025-04-30,272,CALL
562,2025-04-30,381,CALL
563,2025-04-30,491,CALL
564,2025-04-30,410,CALL
565,2025-04-30,1678,CALL
566,2025-04-30,334,CALL
567,2025-04-30,296,CALL
568,2025-04-30,365,CALL
569,2025-04-30,489,CALL
570,2025-04-30,4106,CALL
571,2025-04-30,368,CALL
572,2025-04-30,434,CALL
573,2025-04-30,264,CALL
574,2025-04-30,327,CALL
575,2025-04-30,919,CALL
576,2025-04-30,461,CALL
577,2025-04-30,740,CALL
578,2025-04-30,1170,CALL
579,2025-04-30,380,CALL
580,2025-04-30,1785,CALL
581,2025-04-30,766,CALL
582,2025-04-30,438,CALL
583,2025-04-30,1032,CALL
584,2025-04-30,531,CALL
585,2025-04-30,2210,CALL
586,2025-04-30,1534,CALL
587,2025-04-30,535,CALL
588,2025-04-30,905,CALL
589,2025-04-30,686,CALL
590,2025-04-30,5023,CALL
591,2025-04-30,1686,CALL
592,2025-04-30,969,CALL
547,2025-05-02,0,CALL
547.5,2025-05-02,0,CALL
548,2025-05-02,1,CALL
549,2025-05-02,22,CALL
550,2025-05-02,171,CALL
551,2025-05-02,15,CALL
552,2025-05-02,124,CALL
552.5,2025-05-02,16,CALL
553,2025-05-02,52,CALL
554,2025-05-02,16,CALL
555,2025-05-02,18,CALL
556,2025-05-02,23,CALL
557,2025-05-02,17,CALL
557.5,2025-05-02,45,CALL
558,2025-05-02,37,CALL
559,2025-05-02,127,CALL
560,2025-05-02,71,CALL
561,2025-05-02,67,CALL
562,2025-05-02,13,CALL
562.5,2025-05-02,65,CALL
563,2025-05-02,132,CALL
564,2025-05-02,183,CALL
565,2025-05-02,128,CALL
566,2025-05-02,96,CALL
567,2025-05-02,10,CALL
567.5,2025-05-02,37,CALL
568,2025-05-02,49,CALL
569,2025-05-02,47,CALL
570,2025-05-02,90,CALL
571,2025-05-02,7,CALL
572,2025-05-02,28,CALL
572.5,2025-05-02,12,CALL
573,2025-05-02,9,CALL
574,2025-05-02,45,CALL
575,2025-05-02,62,CALL
576,2025-05-02,3,CALL
577,2025-05-02,0,CALL
578,2025-05-02,25,CALL
579,2025-05-02,35,CALL
580,2025-05-02,89,CALL
585,2025-05-02,48,CALL
590,2025-05-02,66,CALL
595,2025-05-02,113,CALL
600,2025-05-02,233,CALL
605,2025-05-02,109,CALL
610,2025-05-02,74,CALL
615,2025-05-02,117,CALL
620,2025-05-02,149,CALL
625,2025-05-02,12,CALL
630,2025-05-02,26,CALL
543,2025-05-16,9,CALL
544,2025-05-16,26,CALL
545,2025-05-16,319,CALL
546,2025-05-16,106,CALL
547,2025-05-16,299,CALL
548,2025-05-16,275,CALL
549,2025-05-16,180,CALL
550,2025-05-16,1980,CALL
551,2025-05-16,132,CALL
552,2025-05-16,144,CALL
553,2025-05-16,159,CALL
554,2025-05-16,97,CALL
555,2025-05-16,713,CALL
556,2025-05-16,151,CALL
557,2025-05-16,281,CALL
558,2025-05-16,350,CALL
559,2025-05-16,271,CALL
560,2025-05-16,2395,CALL
561,2025-05-16,370,CALL
562,2025-05-16,515,CALL
563,2025-05-16,648,CALL
564,2025-05-16,804,CALL
565,2025-05-16,2766,CALL
566,2025-05-16,646,CALL
567,2025-05-16,411,CALL
568,2025-05-16,425,CALL
569,2025-05-16,471,CALL
570,2025-05-16,3786,CALL
571,2025-05-16,283,CALL
572,2025-05-16,599,CALL
573,2025-05-16,393,CALL
574,2025-05-16,433,CALL
575,2025-05-16,8150,CALL
576,2025-05-16,704,CALL
577,2025-05-16,327,CALL
578,2025-05-16,389,CALL
579,2025-05-16,390,CALL
580,2025-05-16,5562,CALL
581,2025-05-16,698,CALL
582,2025-05-16,1072,CALL
583,2025-05-16,1142,CALL
584,2025-05-16,1825,CALL
585,2025-05-16,4956,CALL
586,2025-05-16,458,CALL
587,2025-05-16,602,CALL
588,2025-05-16,747,CALL
589,2025-05-16,672,CALL
590,2025-05-16,4583,CALL
591,2025-05-16,567,CALL
592,2025-05-16,644,CALL
543,2025-05-30,122,CALL
544,2025-05-30,124,CALL
545,2025-05-30,149,CALL
546,2025-05-30,180,CALL
547,2025-05-30,214,CALL
548,2025-05-30,236,CALL
549,2025-05-30,172,CALL
550,2025-05-30,296,CALL
551,2025-05-30,235,CALL
552,2025-05-30,179,CALL
553,2025-05-30,246,CALL
554,2025-05-30,149,CALL
555,2025-05-30,432,CALL
556,2025-05-30,128,CALL
557,2025-05-30,166,CALL
558,2025-05-30,304,CALL
559,2025-05-30,134,CALL
560,2025-05-30,368,CALL
561,2025-05-30,209,CALL
562,2025-05-30,223,CALL
563,2025-05-30,241,CALL
564,2025-05-30,210,CALL
565,2025-05-30,452,CALL
566,2025-05-30,73,CALL
567,2025-05-30,251,CALL
568,2025-05-30,717,CALL
569,2025-05-30,106,CALL
570,2025-05-30,1997,CALL
571,2025-05-30,452,CALL
572,2025-05-30,243,CALL
573,2025-05-30,118,CALL
574,2025-05-30,175,CALL
575,2025-05-30,903,CALL
576,2025-05-30,156,CALL
577,2025-05-30,234,CALL
578,2025-05-30,166,CALL
579,2025-05-30,178,CALL
580,2025-05-30,1414,CALL
581,2025-05-30,339,CALL
582,2025-05-30,277,CALL
583,2025-05-30,169,CALL
584,2025-05-30,353,CALL
585,2025-05-30,1225,CALL
586,2025-05-30,392,CALL
587,2025-05-30,484,CALL
588,2025-05-30,210,CALL
589,2025-05-30,617,CALL
590,2025-05-30,3048,CALL
591,2025-05-30,1122,CALL
592,2025-05-30,855,CALL
445,2025-06-20,404,CALL
450,2025-06-20,1480,CALL
455,2025-06-20,2152,CALL
460,2025-06-20,668,CALL
465,2025-06-20,1517,CALL
470,2025-06-20,2242,CALL
475,2025-06-20,1705,CALL
480,2025-06-20,1280,CALL
485,2025-06-20,3395,CALL
490,2025-06-20,2179,CALL
495,2025-06-20,400,CALL
500,2025-06-20,5456,CALL
505,2025-06-20,921,CALL
510,2025-06-20,5612,CALL
515,2025-06-20,1443,CALL
520,2025-06-20,2081,CALL
525,2025-06-20,3192,CALL
530,2025-06-20,3593,CALL
535,2025-06-20,1338,CALL
540,2025-06-20,6568,CALL
545,2025-06-20,2804,CALL
550,2025-06-20,6689,CALL
555,2025-06-20,14116,CALL
560,2025-06-20,8286,CALL
565,2025-06-20,6511,CALL
570,2025-06-20,10952,CALL
575,2025-06-20,12222,CALL
580,2025-06-20,14106,CALL
585,2025-06-20,10046,CALL
590,2025-06-20,15293,CALL
595,2025-06-20,12589,CALL
600,2025-06-20,23623,CALL
605,2025-06-20,47203,CALL
610,2025-06-20,23562,CALL
615,2025-06-20,13635,CALL
620,2025-06-20,16494,CALL
625,2025-06-20,25618,CALL
630,2025-06-20,11948,CALL
635,2025-06-20,17933,CALL
640,2025-06-20,29765,CALL
645,2025-06-20,15055,CALL
650,2025-06-20,30422,CALL
655,2025-06-20,12027,CALL
660,2025-06-20,7175,CALL
665,2025-06-20,2197,CALL
670,2025-06-20,4867,CALL
675,2025-06-20,7295,CALL
680,2025-06-20,3166,CALL
685,2025-06-20,3568,CALL
690,2025-06-20,4892,CALL
543,2025-06-30,384,CALL
544,2025-06-30,192,CALL
545,2025-06-30,250,CALL
546,2025-06-30,29,CALL
547,2025-06-30,115,CALL
548,2025-06-30,426,CALL
549,2025-06-30,266,CALL
550,2025-06-30,666,CALL
551,2025-06-30,349,CALL
552,2025-06-30,48,CALL
553,2025-06-30,178,CALL
554,2025-06-30,353,CALL
555,2025-06-30,346,CALL
556,2025-06-30,642,CALL
557,2025-06-30,1333,CALL
558,2025-06-30,115,CALL
559,2025-06-30,1055,CALL
560,2025-06-30,1945,CALL
561,2025-06-30,1480,CALL
562,2025-06-30,620,CALL
563,2025-06-30,1010,CALL
564,2025-06-30,619,CALL
565,2025-06-30,1199,CALL
566,2025-06-30,345,CALL
567,2025-06-30,376,CALL
568,2025-06-30,658,CALL
569,2025-06-30,173,CALL
570,2025-06-30,2814,CALL
575,2025-06-30,2515,CALL
580,2025-06-30,2017,CALL
585,2025-06-30,1778,CALL
590,2025-06-30,2957,CALL
595,2025-06-30,1965,CALL
600,2025-06-30,2646,CALL
605,2025-06-30,2798,CALL
610,2025-06-30,2940,CALL
615,2025-06-30,3254,CALL
620,2025-06-30,2253,CALL
625,2025-06-30,1714,CALL
630,2025-06-30,3733,CALL
635,2025-06-30,2457,CALL
640,2025-06-30,3077,CALL
645,2025-06-30,1166,CALL
650,2025-06-30,4358,CALL
655,2025-06-30,924,CALL
660,2025-06-30,1967,CALL
665,2025-06-30,9971,CALL
670,2025-06-30,2805,CALL
675,2025-06-30,7073,CALL
680,2025-06-30,6972,CALL
445,2025-07-18,12,CALL
450,2025-07-18,7,CALL
455,2025-07-18,7,CALL
460,2025-07-18,2,CALL
465,2025-07-18,8,CALL
470,2025-07-18,43,CALL
475,2025-07-18,92,CALL
480,2025-07-18,254,CALL
485,2025-07-18,226,CALL
490,2025-07-18,314,CALL
495,2025-07-18,352,CALL
500,2025-07-18,380,CALL
505,2025-07-18,518,CALL
510,2025-07-18,549,CALL
515,2025-07-18,904,CALL
520,2025-07-18,714,CALL
525,2025-07-18,928,CALL
530,2025-07-18,412,CALL
535,2025-07-18,1829,CALL
540,2025-07-18,388,CALL
545,2025-07-18,508,CALL
550,2025-07-18,4131,CALL
555,2025-07-18,5280,CALL
560,2025-07-18,2083,CALL
565,2025-07-18,1393,CALL
570,2025-07-18,5582,CALL
575,2025-07-18,3037,CALL
580,2025-07-18,2614,CALL
585,2025-07-18,3375,CALL
590,2025-07-18,1201,CALL
595,2025-07-18,1563,CALL
600,2025-07-18,3703,CALL
605,2025-07-18,1374,CALL
610,2025-07-18,7630,CALL
615,2025-07-18,5594,CALL
620,2025-07-18,6299,CALL
625,2025-07-18,6869,CALL
630,2025-07-18,6388,CALL
635,2025-07-18,9221,CALL
640,2025-07-18,7681,CALL
645,2025-07-18,9198,CALL
650,2025-07-18,6951,CALL
655,2025-07-18,2705,CALL
660,2025-07-18,1889,CALL
665,2025-07-18,1150,CALL
670,2025-07-18,1851,CALL
675,2025-07-18,2609,CALL
680,2025-07-18,3118,CALL
685,2025-07-18,1621,CALL
690,2025-07-18,5477,CALL
520,2025-07-31,220,CALL
525,2025-07-31,137,CALL
530,2025-07-31,129,CALL
535,2025-07-31,129,CALL
540,2025-07-31,954,CALL
545,2025-07-31,1417,CALL
549,2025-07-31,1,CALL
550,2025-07-31,1044,CALL
551,2025-07-31,14,CALL
552,2025-07-31,7,CALL
553,2025-07-31,23,CALL
554,2025-07-31,9,CALL
555,2025-07-31,21,CALL
556,2025-07-31,5,CALL
557,2025-07-31,13,CALL
558,2025-07-31,5,CALL
559,2025-07-31,5,CALL
560,2025-07-31,331,CALL
561,2025-07-31,63,CALL
562,2025-07-31,10,CALL
563,2025-07-31,12,CALL
564,2025-07-31,66,CALL
565,2025-07-31,1839,CALL
566,2025-07-31,108,CALL
567,2025-07-31,117,CALL
568,2025-07-31,53,CALL
569,2025-07-31,72,CALL
570,2025-07-31,118,CALL
571,2025-07-31,21,CALL
572,2025-07-31,11,CALL
573,2025-07-31,51,CALL
574,2025-07-31,104,CALL
575,2025-07-31,98,CALL
576,2025-07-31,72,CALL
577,2025-07-31,77,CALL
578,2025-07-31,2871,CALL
579,2025-07-31,106,CALL
580,2025-07-31,1499,CALL
581,2025-07-31,89,CALL
582,2025-07-31,34,CALL
583,2025-07-31,206,CALL
584,2025-07-31,145,CALL
585,2025-07-31,399,CALL
586,2025-07-31,43,CALL
587,2025-07-31,359,CALL
588,2025-07-31,195,CALL
589,2025-07-31,87,CALL
590,2025-07-31,188,CALL
591,2025-07-31,11,CALL
592,2025-07-31,87,CALL
543,2025-08-15,561,CALL
544,2025-08-15,531,CALL
545,2025-08-15,684,CALL
546,2025-08-15,340,CALL
547,2025-08-15,485,CALL
548,2025-08-15,223,CALL
549,2025-08-15,190,CALL
550,2025-08-15,404,CALL
551,2025-08-15,147,CALL
552,2025-08-15,683,CALL
553,2025-08-15,249,CALL
554,2025-08-15,272,CALL
555,2025-08-15,147,CALL
556,2025-08-15,254,CALL
557,2025-08-15,366,CALL
558,2025-08-15,226,CALL
559,2025-08-15,306,CALL
560,2025-08-15,1426,CALL
561,2025-08-15,931,CALL
562,2025-08-15,562,CALL
563,2025-08-15,525,CALL
564,2025-08-15,365,CALL
565,2025-08-15,474,CALL
566,2025-08-15,451,CALL
567,2025-08-15,829,CALL
568,2025-08-15,313,CALL
569,2025-08-15,788,CALL
570,2025-08-15,3892,CALL
571,2025-08-15,366,CALL
572,2025-08-15,1071,CALL
573,2025-08-15,724,CALL
574,2025-08-15,747,CALL
575,2025-08-15,1356,CALL
576,2025-08-15,1155,CALL
577,2025-08-15,719,CALL
578,2025-08-15,648,CALL
579,2025-08-15,740,CALL
580,2025-08-15,1678,CALL
585,2025-08-15,1630,CALL
590,2025-08-15,5145,CALL
595,2025-08-15,8311,CALL
600,2025-08-15,16403,CALL
605,2025-08-15,2382,CALL
610,2025-08-15,5314,CALL
615,2025-08-15,9746,CALL
620,2025-08-15,6176,CALL
625,2025-08-15,12156,CALL
630,2025-08-15,5006,CALL
635,2025-08-15,7734,CALL
640,2025-08-15,6073,CALL
535,2025-08-29,42,CALL
540,2025-08-29,67,CALL
545,2025-08-29,7,CALL
546,2025-08-29,1,CALL
547,2025-08-29,2,CALL
548,2025-08-29,0,CALL
549,2025-08-29,1,CALL
550,2025-08-29,42,CALL
551,2025-08-29,5,CALL
552,2025-08-29,2,CALL
553,2025-08-29,6,CALL
554,2025-08-29,3,CALL
555,2025-08-29,24,CALL
556,2025-08-29,1,CALL
557,2025-08-29,0,CALL
558,2025-08-29,3,CALL
559,2025-08-29,3,CALL
560,2025-08-29,84,CALL
561,2025-08-29,2,CALL
562,2025-08-29,12,CALL
563,2025-08-29,1,CALL
564,2025-08-29,2,CALL
565,2025-08-29,35,CALL
566,2025-08-29,11,CALL
567,2025-08-29,94,CALL
568,2025-08-29,56,CALL
569,2025-08-29,2,CALL
570,2025-08-29,103,CALL
571,2025-08-29,3,CALL
572,2025-08-29,3,CALL
573,2025-08-29,1,CALL
574,2025-08-29,3,CALL
575,2025-08-29,146,CALL
576,2025-08-29,24,CALL
577,2025-08-29,150,CALL
578,2025-08-29,54,CALL
579,2025-08-29,34,CALL
580,2025-08-29,712,CALL
581,2025-08-29,1285,CALL
582,2025-08-29,1075,CALL
583,2025-08-29,225,CALL
584,2025-08-29,217,CALL
585,2025-08-29,604,CALL
586,2025-08-29,339,CALL
587,2025-08-29,24,CALL
588,2025-08-29,6,CALL
589,2025-08-29,13,CALL
590,2025-08-29,141,CALL
591,2025-08-29,11,CALL
592,2025-08-29,6,CALL
445,2025-09-19,208,CALL
450,2025-09-19,194,CALL
455,2025-09-19,1192,CALL
460,2025-09-19,174,CALL
465,2025-09-19,195,CALL
470,2025-09-19,1238,CALL
475,2025-09-19,122,CALL
480,2025-09-19,750,CALL
485,2025-09-19,479,CALL
490,2025-09-19,3011,CALL
495,2025-09-19,881,CALL
500,2025-09-19,731,CALL
505,2025-09-19,1306,CALL
510,2025-09-19,735,CALL
515,2025-09-19,807,CALL
520,2025-09-19,841,CALL
525,2025-09-19,1836,CALL
530,2025-09-19,3682,CALL
535,2025-09-19,1403,CALL
540,2025-09-19,1112,CALL
545,2025-09-19,797,CALL
550,2025-09-19,1777,CALL
555,2025-09-19,705,CALL
560,2025-09-19,3562,CALL
565,2025-09-19,4945,CALL
570,2025-09-19,3691,CALL
575,2025-09-19,5231,CALL
580,2025-09-19,4348,CALL
585,2025-09-19,6107,CALL
590,2025-09-19,5763,CALL
595,2025-09-19,6468,CALL
600,2025-09-19,7390,CALL
605,2025-09-19,4392,CALL
610,2025-09-19,17675,CALL
615,2025-09-19,7344,CALL
620,2025-09-19,14336,CALL
625,2025-09-19,7475,CALL
630,2025-09-19,12982,CALL
635,2025-09-19,5377,CALL
640,2025-09-19,11944,CALL
645,2025-09-19,6629,CALL
650,2025-09-19,9987,CALL
655,2025-09-19,10610,CALL
660,2025-09-19,9655,CALL
665,2025-09-19,2470,CALL
670,2025-09-19,3122,CALL
675,2025-09-19,4436,CALL
680,2025-09-19,2822,CALL
685,2025-09-19,2123,CALL
690,2025-09-19,2396,CALL
543,2025-09-30,44,CALL
544,2025-09-30,66,CALL
545,2025-09-30,62,CALL
546,2025-09-30,44,CALL
547,2025-09-30,18,CALL
548,2025-09-30,48,CALL
549,2025-09-30,37,CALL
550,2025-09-30,336,CALL
551,2025-09-30,25,CALL
552,2025-09-30,159,CALL
553,2025-09-30,30,CALL
554,2025-09-30,106,CALL
555,2025-09-30,215,CALL
556,2025-09-30,56,CALL
557,2025-09-30,47,CALL
558,2025-09-30,65,CALL
559,2025-09-30,81,CALL
560,2025-09-30,348,CALL
561,2025-09-30,83,CALL
562,2025-09-30,54,CALL
563,2025-09-30,62,CALL
564,2025-09-30,128,CALL
565,2025-09-30,268,CALL
566,2025-09-30,99,CALL
567,2025-09-30,126,CALL
568,2025-09-30,65,CALL
569,2025-09-30,322,CALL
570,2025-09-30,666,CALL
571,2025-09-30,27,CALL
572,2025-09-30,97,CALL
573,2025-09-30,180,CALL
574,2025-09-30,77,CALL
575,2025-09-30,217,CALL
576,2025-09-30,127,CALL
577,2025-09-30,453,CALL
578,2025-09-30,131,CALL
579,2025-09-30,67,CALL
580,2025-09-30,258,CALL
581,2025-09-30,161,CALL
582,2025-09-30,158,CALL
583,2025-09-30,361,CALL
584,2025-09-30,172,CALL
585,2025-09-30,304,CALL
586,2025-09-30,144,CALL
587,2025-09-30,405,CALL
588,2025-09-30,212,CALL
589,2025-09-30,175,CALL
590,2025-09-30,701,CALL
591,2025-09-30,338,CALL
592,2025-09-30,263,CALL
445,2025-12-19,1711,CALL
450,2025-12-19,3688,CALL
455,2025-12-19,4464,CALL
460,2025-12-19,1050,CALL
465,2025-12-19,1430,CALL
470,2025-12-19,2587,CALL
475,2025-12-19,1640,CALL
480,2025-12-19,2026,CALL
485,2025-12-19,1353,CALL
490,2025-12-19,1099,CALL
495,2025-12-19,1534,CALL
500,2025-12-19,1968,CALL
505,2025-12-19,2294,CALL
510,2025-12-19,1392,CALL
515,2025-12-19,1009,CALL
520,2025-12-19,4582,CALL
525,2025-12-19,1563,CALL
530,2025-12-19,1055,CALL
535,2025-12-19,690,CALL
540,2025-12-19,3225,CALL
545,2025-12-19,1098,CALL
550,2025-12-19,2612,CALL
555,2025-12-19,1758,CALL
560,2025-12-19,3763,CALL
565,2025-12-19,3121,CALL
570,2025-12-19,1982,CALL
575,2025-12-19,2754,CALL
580,2025-12-19,3231,CALL
585,2025-12-19,5967,CALL
590,2025-12-19,3060,CALL
595,2025-12-19,918,CALL
600,2025-12-19,9938,CALL
605,2025-12-19,3772,CALL
610,2025-12-19,4538,CALL
615,2025-12-19,5383,CALL
620,2025-12-19,7460,CALL
625,2025-12-19,6968,CALL
630,2025-12-19,11953,CALL
635,2025-12-19,2953,CALL
640,2025-12-19,7208,CALL
645,2025-12-19,2050,CALL
650,2025-12-19,13791,CALL
655,2025-12-19,2145,CALL
660,2025-12-19,3868,CALL
665,2025-12-19,3452,CALL
670,2025-12-19,9920,CALL
675,2025-12-19,4043,CALL
680,2025-12-19,28365,CALL
685,2025-12-19,3480,CALL
690,2025-12-19,6196,CALL
543,2025-12-31,2,CALL
544,2025-12-31,4,CALL
545,2025-12-31,27,CALL
546,2025-12-31,1,CALL
547,2025-12-31,5,CALL
548,2025-12-31,6,CALL
549,2025-12-31,2,CALL
550,2025-12-31,51,CALL
551,2025-12-31,3,CALL
552,2025-12-31,6,CALL
553,2025-12-31,11,CALL
554,2025-12-31,5,CALL
555,2025-12-31,88,CALL
556,2025-12-31,39,CALL
557,2025-12-31,5,CALL
558,2025-12-31,37,CALL
559,2025-12-31,13,CALL
560,2025-12-31,113,CALL
561,2025-12-31,16,CALL
562,2025-12-31,9,CALL
563,2025-12-31,53,CALL
564,2025-12-31,232,CALL
565,2025-12-31,110,CALL
566,2025-12-31,157,CALL
567,2025-12-31,69,CALL
568,2025-12-31,325,CALL
569,2025-12-31,199,CALL
570,2025-12-31,341,CALL
571,2025-12-31,104,CALL
572,2025-12-31,139,CALL
573,2025-12-31,52,CALL
574,2025-12-31,27,CALL
575,2025-12-31,186,CALL
576,2025-12-31,132,CALL
577,2025-12-31,245,CALL
578,2025-12-31,51,CALL
579,2025-12-31,280,CALL
580,2025-12-31,113,CALL
581,2025-12-31,449,CALL
582,2025-12-31,174,CALL
583,2025-12-31,448,CALL
584,2025-12-31,234,CALL
585,2025-12-31,188,CALL
586,2025-12-31,244,CALL
587,2025-12-31,117,CALL
588,2025-12-31,145,CALL
589,2025-12-31,66,CALL
590,2025-12-31,170,CALL
591,2025-12-31,30,CALL
592,2025-12-31,213,CALL
445,2026-01-16,27,CALL
450,2026-01-16,328,CALL
455,2026-01-16,188,CALL
460,2026-01-16,225,CALL
465,2026-01-16,386,CALL
470,2026-01-16,458,CALL
475,2026-01-16,705,CALL
480,2026-01-16,1279,CALL
485,2026-01-16,3231,CALL
490,2026-01-16,836,CALL
495,2026-01-16,1028,CALL
500,2026-01-16,1835,CALL
505,2026-01-16,947,CALL
510,2026-01-16,750,CALL
515,2026-01-16,549,CALL
520,2026-01-16,2048,CALL
525,2026-01-16,2017,CALL
530,2026-01-16,2874,CALL
535,2026-01-16,3823,CALL
540,2026-01-16,5370,CALL
545,2026-01-16,3944,CALL
550,2026-01-16,5484,CALL
555,2026-01-16,2938,CALL
560,2026-01-16,2090,CALL
565,2026-01-16,2899,CALL
570,2026-01-16,11549,CALL
575,2026-01-16,1233,CALL
580,2026-01-16,2243,CALL
585,2026-01-16,1612,CALL
590,2026-01-16,1971,CALL
595,2026-01-16,3854,CALL
600,2026-01-16,6087,CALL
605,2026-01-16,2465,CALL
610,2026-01-16,6748,CALL
615,2026-01-16,3277,CALL
620,2026-01-16,3972,CALL
625,2026-01-16,2887,CALL
630,2026-01-16,2320,CALL
635,2026-01-16,1988,CALL
640,2026-01-16,4457,CALL
645,2026-01-16,3676,CALL
650,2026-01-16,25541,CALL
655,2026-01-16,2752,CALL
660,2026-01-16,6329,CALL
665,2026-01-16,3414,CALL
670,2026-01-16,7460,CALL
675,2026-01-16,3262,CALL
680,2026-01-16,6305,CALL
685,2026-01-16,3034,CALL
690,2026-01-16,1663,CALL
445,2026-03-20,72,CALL
450,2026-03-20,118,CALL
455,2026-03-20,15,CALL
460,2026-03-20,29,CALL
465,2026-03-20,44,CALL
470,2026-03-20,15,CALL
475,2026-03-20,64,CALL
480,2026-03-20,47,CALL
485,2026-03-20,19,CALL
490,2026-03-20,60,CALL
495,2026-03-20,26,CALL
500,2026-03-20,338,CALL
505,2026-03-20,27,CALL
510,2026-03-20,66,CALL
515,2026-03-20,62,CALL
520,2026-03-20,62,CALL
525,2026-03-20,62,CALL
530,2026-03-20,53,CALL
535,2026-03-20,103,CALL
540,2026-03-20,65,CALL
545,2026-03-20,100,CALL
550,2026-03-20,480,CALL
555,2026-03-20,313,CALL
560,2026-03-20,271,CALL
565,2026-03-20,184,CALL
570,2026-03-20,377,CALL
575,2026-03-20,436,CALL
580,2026-03-20,975,CALL
585,2026-03-20,1653,CALL
590,2026-03-20,1298,CALL
595,2026-03-20,2585,CALL
600,2026-03-20,2078,CALL
605,2026-03-20,707,CALL
610,2026-03-20,602,CALL
615,2026-03-20,503,CALL
620,2026-03-20,651,CALL
625,2026-03-20,680,CALL
630,2026-03-20,916,CALL
635,2026-03-20,1147,CALL
640,2026-03-20,749,CALL
645,2026-03-20,639,CALL
650,2026-03-20,43147,CALL
655,2026-03-20,1587,CALL
660,2026-03-20,857,CALL
665,2026-03-20,303,CALL
670,2026-03-20,1338,CALL
675,2026-03-20,1076,CALL
680,2026-03-20,662,CALL
685,2026-03-20,1071,CALL
690,2026-03-20,1027,CALL
445,2026-06-18,2,CALL
450,2026-06-18,40,CALL
455,2026-06-18,7,CALL
460,2026-06-18,35,CALL
465,2026-06-18,15,CALL
470,2026-06-18,312,CALL
475,2026-06-18,37,CALL
480,2026-06-18,22,CALL
485,2026-06-18,22,CALL
490,2026-06-18,54,CALL
495,2026-06-18,34,CALL
500,2026-06-18,239,CALL
505,2026-06-18,20,CALL
510,2026-06-18,88,CALL
515,2026-06-18,425,CALL
520,2026-06-18,5372,CALL
525,2026-06-18,100,CALL
530,2026-06-18,346,CALL
535,2026-06-18,58,CALL
540,2026-06-18,723,CALL
545,2026-06-18,129,CALL
550,2026-06-18,404,CALL
555,2026-06-18,197,CALL
560,2026-06-18,1029,CALL
565,2026-06-18,106,CALL
570,2026-06-18,5457,CALL
575,2026-06-18,693,CALL
580,2026-06-18,746,CALL
585,2026-06-18,186,CALL
590,2026-06-18,938,CALL
595,2026-06-18,990,CALL
600,2026-06-18,1164,CALL
605,2026-06-18,1356,CALL
610,2026-06-18,386,CALL
615,2026-06-18,822,CALL
620,2026-06-18,1430,CALL
625,2026-06-18,215,CALL
630,2026-06-18,468,CALL
635,2026-06-18,731,CALL
640,2026-06-18,306,CALL
645,2026-06-18,566,CALL
650,2026-06-18,1331,CALL
655,2026-06-18,409,CALL
660,2026-06-18,1485,CALL
665,2026-06-18,463,CALL
670,2026-06-18,6401,CALL
675,2026-06-18,371,CALL
680,2026-06-18,1074,CALL
685,2026-06-18,166,CALL
690,2026-06-18,864,CALL
445,2026-12-18,42,CALL
450,2026-12-18,197,CALL
455,2026-12-18,82,CALL
460,2026-12-18,71,CALL
465,2026-12-18,21,CALL
470,2026-12-18,242,CALL
475,2026-12-18,1360,CALL
480,2026-12-18,367,CALL
485,2026-12-18,881,CALL
490,2026-12-18,1020,CALL
495,2026-12-18,2234,CALL
500,2026-12-18,2574,CALL
505,2026-12-18,1220,CALL
510,2026-12-18,1883,CALL
515,2026-12-18,2653,CALL
520,2026-12-18,2329,CALL
525,2026-12-18,974,CALL
530,2026-12-18,1569,CALL
535,2026-12-18,2483,CALL
540,2026-12-18,3538,CALL
545,2026-12-18,2384,CALL
550,2026-12-18,2750,CALL
555,2026-12-18,2056,CALL
560,2026-12-18,1935,CALL
565,2026-12-18,1205,CALL
570,2026-12-18,4294,CALL
575,2026-12-18,629,CALL
580,2026-12-18,2474,CALL
585,2026-12-18,1004,CALL
590,2026-12-18,1022,CALL
595,2026-12-18,1018,CALL
600,2026-12-18,3320,CALL
605,2026-12-18,1293,CALL
610,2026-12-18,649,CALL
615,2026-12-18,458,CALL
620,2026-12-18,1337,CALL
625,2026-12-18,754,CALL
630,2026-12-18,333,CALL
635,2026-12-18,216,CALL
640,2026-12-18,600,CALL
645,2026-12-18,466,CALL
650,2026-12-18,2504,CALL
655,2026-12-18,437,CALL
660,2026-12-18,721,CALL
665,2026-12-18,298,CALL
670,2026-12-18,585,CALL
675,2026-12-18,1310,CALL
680,2026-12-18,2708,CALL
685,2026-12-18,823,CALL
690,2026-12-18,901,CALL
445,2027-01-15,17,CALL
450,2027-01-15,56,CALL
455,2027-01-15,29,CALL
460,2027-01-15,12,CALL
465,2027-01-15,21,CALL
470,2027-01-15,66,CALL
475,2027-01-15,13,CALL
480,2027-01-15,25,CALL
485,2027-01-15,24,CALL
490,2027-01-15,44,CALL
495,2027-01-15,39,CALL
500,2027-01-15,236,CALL
505,2027-01-15,25,CALL
510,2027-01-15,55,CALL
515,2027-01-15,46,CALL
520,2027-01-15,86,CALL
525,2027-01-15,78,CALL
530,2027-01-15,47,CALL
535,2027-01-15,43,CALL
540,2027-01-15,71,CALL
545,2027-01-15,28,CALL
550,2027-01-15,158,CALL
555,2027-01-15,68,CALL
560,2027-01-15,140,CALL
565,2027-01-15,506,CALL
570,2027-01-15,218,CALL
575,2027-01-15,234,CALL
580,2027-01-15,601,CALL
585,2027-01-15,400,CALL
590,2027-01-15,424,CALL
595,2027-01-15,213,CALL
600,2027-01-15,1057,CALL
605,2027-01-15,1248,CALL
610,2027-01-15,138,CALL
615,2027-01-15,194,CALL
620,2027-01-15,218,CALL
625,2027-01-15,186,CALL
630,2027-01-15,423,CALL
635,2027-01-15,107,CALL
640,2027-01-15,153,CALL
645,2027-01-15,152,CALL
650,2027-01-15,3254,CALL
655,2027-01-15,91,CALL
660,2027-01-15,182,CALL
665,2027-01-15,99,CALL
670,2027-01-15,454,CALL
675,2027-01-15,276,CALL
680,2027-01-15,114,CALL
685,2027-01-15,124,CALL
690,2027-01-15,321,CALL
445,2027-12-17,13,CALL
450,2027-12-17,81,CALL
455,2027-12-17,11,CALL
460,2027-12-17,14,CALL
465,2027-12-17,38,CALL
470,2027-12-17,7,CALL
475,2027-12-17,12,CALL
480,2027-12-17,60,CALL
485,2027-12-17,12,CALL
490,2027-12-17,61,CALL
495,2027-12-17,11,CALL
500,2027-12-17,184,CALL
505,2027-12-17,29,CALL
510,2027-12-17,30,CALL
515,2027-12-17,29,CALL
520,2027-12-17,59,CALL
525,2027-12-17,35,CALL
530,2027-12-17,26,CALL
535,2027-12-17,17,CALL
540,2027-12-17,241,CALL
545,2027-12-17,42,CALL
550,2027-12-17,302,CALL
555,2027-12-17,364,CALL
560,2027-12-17,640,CALL
565,2027-12-17,296,CALL
570,2027-12-17,261,CALL
575,2027-12-17,449,CALL
580,2027-12-17,642,CALL
585,2027-12-17,564,CALL
590,2027-12-17,737,CALL
595,2027-12-17,1099,CALL
600,2027-12-17,3205,CALL
605,2027-12-17,2228,CALL
610,2027-12-17,1626,CALL
615,2027-12-17,56,CALL
620,2027-12-17,115,CALL
625,2027-12-17,23,CALL
630,2027-12-17,255,CALL
635,2027-12-17,52,CALL
640,2027-12-17,104,CALL
645,2027-12-17,272,CALL
650,2027-12-17,553,CALL
655,2027-12-17,104,CALL
660,2027-12-17,477,CALL
665,2027-12-17,86,CALL
670,2027-12-17,60,CALL
675,2027-12-17,75,CALL
680,2027-12-17,78,CALL
685,2027-12-17,95,CALL
690,2027-12-17,22,CALL
543,2025-03-18,1798,PUT
544,2025-03-18,1147,PUT
545,2025-03-18,8977,PUT
546,2025-03-18,5930,PUT
547,2025-03-18,2132,PUT
548,2025-03-18,2175,PUT
549,2025-03-18,3107,PUT
550,2025-03-18,14416,PUT
551,2025-03-18,5203,PUT
552,2025-03-18,3173,PUT
553,2025-03-18,3451,PUT
554,2025-03-18,3674,PUT
555,2025-03-18,8230,PUT
556,2025-03-18,3890,PUT
557,2025-03-18,3666,PUT
558,2025-03-18,5222,PUT
559,2025-03-18,5849,PUT
560,2025-03-18,12645,PUT
561,2025-03-18,4331,PUT
562,2025-03-18,7162,PUT
563,2025-03-18,6243,PUT
564,2025-03-18,6198,PUT
565,2025-03-18,9008,PUT
566,2025-03-18,4399,PUT
567,2025-03-18,3369,PUT
568,2025-03-18,5171,PUT
569,2025-03-18,2146,PUT
570,2025-03-18,1828,PUT
571,2025-03-18,552,PUT
572,2025-03-18,872,PUT
573,2025-03-18,449,PUT
574,2025-03-18,330,PUT
575,2025-03-18,589,PUT
576,2025-03-18,32,PUT
577,2025-03-18,16,PUT
578,2025-03-18,2,PUT
579,2025-03-18,18,PUT
580,2025-03-18,21,PUT
581,2025-03-18,12,PUT
582,2025-03-18,1,PUT
583,2025-03-18,2,PUT
584,2025-03-18,0,PUT
585,2025-03-18,10,PUT
586,2025-03-18,0,PUT
587,2025-03-18,5,PUT
588,2025-03-18,0,PUT
589,2025-03-18,0,PUT
590,2025-03-18,3,PUT
591,2025-03-18,0,PUT
592,2025-03-18,0,PUT
543,2025-03-19,951,PUT
544,2025-03-19,785,PUT
545,2025-03-19,2753,PUT
546,2025-03-19,604,PUT
547,2025-03-19,1592,PUT
548,2025-03-19,562,PUT
549,2025-03-19,725,PUT
550,2025-03-19,5908,PUT
551,2025-03-19,1717,PUT
552,2025-03-19,1344,PUT
553,2025-03-19,2140,PUT
554,2025-03-19,1473,PUT
555,2025-03-19,4989,PUT
556,2025-03-19,1366,PUT
557,2025-03-19,1616,PUT
558,2025-03-19,3834,PUT
559,2025-03-19,1739,PUT
560,2025-03-19,5694,PUT
561,2025-03-19,1780,PUT
562,2025-03-19,2180,PUT
563,2025-03-19,1375,PUT
564,2025-03-19,2780,PUT
565,2025-03-19,3202,PUT
566,2025-03-19,1622,PUT
567,2025-03-19,980,PUT
568,2025-03-19,1746,PUT
569,2025-03-19,1314,PUT
570,2025-03-19,1112,PUT
571,2025-03-19,543,PUT
572,2025-03-19,400,PUT
573,2025-03-19,359,PUT
574,2025-03-19,585,PUT
575,2025-03-19,406,PUT
576,2025-03-19,151,PUT
577,2025-03-19,30,PUT
578,2025-03-19,112,PUT
579,2025-03-19,58,PUT
580,2025-03-19,844,PUT
581,2025-03-19,10,PUT
582,2025-03-19,6,PUT
583,2025-03-19,16,PUT
584,2025-03-19,2,PUT
585,2025-03-19,5,PUT
586,2025-03-19,0,PUT
587,2025-03-19,1,PUT
588,2025-03-19,1,PUT
589,2025-03-19,0,PUT
590,2025-03-19,6,PUT
591,2025-03-19,2,PUT
592,2025-03-19,0,PUT
543,2025-03-20,795,PUT
544,2025-03-20,660,PUT
545,2025-03-20,871,PUT
546,2025-03-20,409,PUT
547,2025-03-20,787,PUT
548,2025-03-20,733,PUT
549,2025-03-20,746,PUT
550,2025-03-20,8413,PUT
551,2025-03-20,2411,PUT
552,2025-03-20,877,PUT
553,2025-03-20,1030,PUT
554,2025-03-20,989,PUT
555,2025-03-20,2138,PUT
556,2025-03-20,1193,PUT
557,2025-03-20,1236,PUT
558,2025-03-20,1106,PUT
559,2025-03-20,1481,PUT
560,2025-03-20,4820,PUT
561,2025-03-20,1445,PUT
562,2025-03-20,1241,PUT
563,2025-03-20,2746,PUT
564,2025-03-20,1459,PUT
565,2025-03-20,2711,PUT
566,2025-03-20,2053,PUT
567,2025-03-20,1911,PUT
568,2025-03-20,1762,PUT
569,2025-03-20,2080,PUT
570,2025-03-20,2138,PUT
571,2025-03-20,787,PUT
572,2025-03-20,307,PUT
573,2025-03-20,109,PUT
574,2025-03-20,111,PUT
575,2025-03-20,122,PUT
576,2025-03-20,191,PUT
577,2025-03-20,36,PUT
578,2025-03-20,19,PUT
579,2025-03-20,81,PUT
580,2025-03-20,32,PUT
581,2025-03-20,2,PUT
582,2025-03-20,13,PUT
583,2025-03-20,2,PUT
584,2025-03-20,19,PUT
585,2025-03-20,18,PUT
586,2025-03-20,2,PUT
587,2025-03-20,2,PUT
588,2025-03-20,1,PUT
589,2025-03-20,1,PUT
590,2025-03-20,7,PUT
591,2025-03-20,0,PUT
592,2025-03-20,0,PUT
543,2025-03-21,26184,PUT
544,2025-03-21,5810,PUT
545,2025-03-21,66812,PUT
546,2025-03-21,46645,PUT
547,2025-03-21,12262,PUT
548,2025-03-21,6950,PUT
549,2025-03-21,3684,PUT
550,2025-03-21,150230,PUT
551,2025-03-21,10055,PUT
552,2025-03-21,6221,PUT
553,2025-03-21,19292,PUT
554,2025-03-21,9945,PUT
555,2025-03-21,46086,PUT
556,2025-03-21,17192,PUT
557,2025-03-21,7628,PUT
558,2025-03-21,15894,PUT
559,2025-03-21,8922,PUT
560,2025-03-21,98796,PUT
561,2025-03-21,20325,PUT
562,2025-03-21,20127,PUT
563,2025-03-21,30995,PUT
564,2025-03-21,45002,PUT
565,2025-03-21,73639,PUT
566,2025-03-21,11546,PUT
567,2025-03-21,49911,PUT
568,2025-03-21,24521,PUT
569,2025-03-21,43306,PUT
570,2025-03-21,65531,PUT
571,2025-03-21,58233,PUT
572,2025-03-21,31925,PUT
573,2025-03-21,103105,PUT
574,2025-03-21,24657,PUT
575,2025-03-21,59387,PUT
576,2025-03-21,35492,PUT
577,2025-03-21,26335,PUT
578,2025-03-21,20678,PUT
579,2025-03-21,5042,PUT
580,2025-03-21,124461,PUT
581,2025-03-21,4250,PUT
582,2025-03-21,3233,PUT
583,2025-03-21,9850,PUT
584,2025-03-21,5075,PUT
585,2025-03-21,28690,PUT
586,2025-03-21,4597,PUT
587,2025-03-21,4759,PUT
588,2025-03-21,4847,PUT
589,2025-03-21,3099,PUT
590,2025-03-21,68339,PUT
591,2025-03-21,6059,PUT
592,2025-03-21,5743,PUT
543,2025-03-24,883,PUT
544,2025-03-24,536,PUT
545,2025-03-24,1836,PUT
546,2025-03-24,415,PUT
547,2025-03-24,542,PUT
548,2025-03-24,523,PUT
549,2025-03-24,710,PUT
550,2025-03-24,1619,PUT
551,2025-03-24,676,PUT
552,2025-03-24,595,PUT
553,2025-03-24,633,PUT
554,2025-03-24,847,PUT
555,2025-03-24,977,PUT
556,2025-03-24,547,PUT
557,2025-03-24,865,PUT
558,2025-03-24,702,PUT
559,2025-03-24,1280,PUT
560,2025-03-24,1968,PUT
561,2025-03-24,360,PUT
562,2025-03-24,1300,PUT
563,2025-03-24,586,PUT
564,2025-03-24,579,PUT
565,2025-03-24,781,PUT
566,2025-03-24,615,PUT
567,2025-03-24,952,PUT
568,2025-03-24,356,PUT
569,2025-03-24,317,PUT
570,2025-03-24,1049,PUT
571,2025-03-24,143,PUT
572,2025-03-24,290,PUT
573,2025-03-24,19,PUT
574,2025-03-24,161,PUT
575,2025-03-24,117,PUT
576,2025-03-24,52,PUT
577,2025-03-24,20,PUT
578,2025-03-24,12,PUT
579,2025-03-24,1,PUT
580,2025-03-24,61,PUT
581,2025-03-24,0,PUT
582,2025-03-24,16,PUT
583,2025-03-24,1,PUT
584,2025-03-24,18,PUT
585,2025-03-24,24,PUT
586,2025-03-24,1,PUT
587,2025-03-24,5,PUT
588,2025-03-24,6,PUT
589,2025-03-24,0,PUT
590,2025-03-24,0,PUT
591,2025-03-24,0,PUT
592,2025-03-24,0,PUT
543,2025-03-25,275,PUT
544,2025-03-25,185,PUT
545,2025-03-25,354,PUT
546,2025-03-25,273,PUT
547,2025-03-25,166,PUT
548,2025-03-25,77,PUT
549,2025-03-25,398,PUT
550,2025-03-25,752,PUT
551,2025-03-25,234,PUT
552,2025-03-25,406,PUT
553,2025-03-25,467,PUT
554,2025-03-25,458,PUT
555,2025-03-25,402,PUT
556,2025-03-25,163,PUT
557,2025-03-25,162,PUT
558,2025-03-25,874,PUT
559,2025-03-25,1075,PUT
560,2025-03-25,1348,PUT
561,2025-03-25,220,PUT
562,2025-03-25,160,PUT
563,2025-03-25,96,PUT
564,2025-03-25,205,PUT
565,2025-03-25,1117,PUT
566,2025-03-25,78,PUT
567,2025-03-25,52,PUT
568,2025-03-25,163,PUT
569,2025-03-25,21,PUT
570,2025-03-25,109,PUT
571,2025-03-25,12,PUT
572,2025-03-25,52,PUT
573,2025-03-25,1,PUT
574,2025-03-25,68,PUT
575,2025-03-25,67,PUT
576,2025-03-25,0,PUT
577,2025-03-25,2,PUT
578,2025-03-25,5,PUT
579,2025-03-25,4,PUT
580,2025-03-25,10,PUT
581,2025-03-25,5,PUT
582,2025-03-25,0,PUT
583,2025-03-25,2,PUT
584,2025-03-25,1,PUT
585,2025-03-25,0,PUT
586,2025-03-25,1,PUT
587,2025-03-25,1,PUT
588,2025-03-25,1,PUT
589,2025-03-25,1,PUT
590,2025-03-25,26,PUT
591,2025-03-25,0,PUT
592,2025-03-25,0,PUT
543,2025-03-26,16,PUT
544,2025-03-26,112,PUT
545,2025-03-26,160,PUT
546,2025-03-26,217,PUT
547,2025-03-26,24,PUT
548,2025-03-26,346,PUT
549,2025-03-26,143,PUT
550,2025-03-26,529,PUT
551,2025-03-26,373,PUT
552,2025-03-26,181,PUT
553,2025-03-26,305,PUT
554,2025-03-26,501,PUT
555,2025-03-26,1814,PUT
556,2025-03-26,300,PUT
557,2025-03-26,196,PUT
558,2025-03-26,102,PUT
559,2025-03-26,96,PUT
560,2025-03-26,862,PUT
561,2025-03-26,207,PUT
562,2025-03-26,172,PUT
563,2025-03-26,281,PUT
564,2025-03-26,196,PUT
565,2025-03-26,195,PUT
566,2025-03-26,74,PUT
567,2025-03-26,86,PUT
568,2025-03-26,159,PUT
569,2025-03-26,83,PUT
570,2025-03-26,314,PUT
571,2025-03-26,8,PUT
572,2025-03-26,53,PUT
573,2025-03-26,2,PUT
574,2025-03-26,11,PUT
575,2025-03-26,2,PUT
576,2025-03-26,0,PUT
577,2025-03-26,1,PUT
578,2025-03-26,0,PUT
579,2025-03-26,1,PUT
580,2025-03-26,11,PUT
581,2025-03-26,0,PUT
582,2025-03-26,1,PUT
583,2025-03-26,0,PUT
584,2025-03-26,0,PUT
585,2025-03-26,10,PUT
586,2025-03-26,0,PUT
587,2025-03-26,0,PUT
588,2025-03-26,0,PUT
589,2025-03-26,0,PUT
590,2025-03-26,0,PUT
591,2025-03-26,0,PUT
592,2025-03-26,0,PUT
543,2025-03-27,16,PUT
544,2025-03-27,82,PUT
545,2025-03-27,16,PUT
546,2025-03-27,134,PUT
547,2025-03-27,88,PUT
548,2025-03-27,82,PUT
549,2025-03-27,216,PUT
550,2025-03-27,150,PUT
551,2025-03-27,38,PUT
552,2025-03-27,278,PUT
553,2025-03-27,143,PUT
554,2025-03-27,171,PUT
555,2025-03-27,318,PUT
556,2025-03-27,87,PUT
557,2025-03-27,64,PUT
558,2025-03-27,167,PUT
559,2025-03-27,201,PUT
560,2025-03-27,94,PUT
561,2025-03-27,78,PUT
562,2025-03-27,53,PUT
563,2025-03-27,74,PUT
564,2025-03-27,369,PUT
565,2025-03-27,67,PUT
566,2025-03-27,131,PUT
567,2025-03-27,156,PUT
568,2025-03-27,14,PUT
569,2025-03-27,42,PUT
570,2025-03-27,268,PUT
571,2025-03-27,1,PUT
572,2025-03-27,1,PUT
573,2025-03-27,0,PUT
574,2025-03-27,0,PUT
575,2025-03-27,3,PUT
576,2025-03-27,1,PUT
577,2025-03-27,0,PUT
578,2025-03-27,0,PUT
579,2025-03-27,0,PUT
580,2025-03-27,0,PUT
581,2025-03-27,0,PUT
582,2025-03-27,0,PUT
583,2025-03-27,0,PUT
584,2025-03-27,0,PUT
585,2025-03-27,0,PUT
586,2025-03-27,1,PUT
587,2025-03-27,0,PUT
588,2025-03-27,0,PUT
589,2025-03-27,0,PUT
590,2025-03-27,0,PUT
595,2025-03-27,1,PUT
600,2025-03-27,2,PUT
543,2025-03-28,15065,PUT
544,2025-03-28,619,PUT
545,2025-03-28,2766,PUT
546,2025-03-28,324,PUT
547,2025-03-28,157,PUT
548,2025-03-28,1052,PUT
549,2025-03-28,2986,PUT
550,2025-03-28,6000,PUT
551,2025-03-28,808,PUT
552,2025-03-28,1172,PUT
553,2025-03-28,943,PUT
554,2025-03-28,794,PUT
555,2025-03-28,4098,PUT
556,2025-03-28,1021,PUT
557,2025-03-28,522,PUT
558,2025-03-28,1282,PUT
559,2025-03-28,582,PUT
560,2025-03-28,5648,PUT
561,2025-03-28,551,PUT
562,2025-03-28,1241,PUT
563,2025-03-28,741,PUT
564,2025-03-28,684,PUT
565,2025-03-28,4632,PUT
566,2025-03-28,494,PUT
567,2025-03-28,464,PUT
568,2025-03-28,771,PUT
569,2025-03-28,188,PUT
570,2025-03-28,4311,PUT
571,2025-03-28,278,PUT
572,2025-03-28,190,PUT
573,2025-03-28,56,PUT
574,2025-03-28,234,PUT
575,2025-03-28,2612,PUT
576,2025-03-28,124,PUT
577,2025-03-28,148,PUT
578,2025-03-28,112,PUT
579,2025-03-28,784,PUT
580,2025-03-28,2338,PUT
581,2025-03-28,385,PUT
582,2025-03-28,291,PUT
582.5,2025-03-28,1663,PUT
583,2025-03-28,843,PUT
584,2025-03-28,310,PUT
585,2025-03-28,4262,PUT
586,2025-03-28,578,PUT
587,2025-03-28,793,PUT
588,2025-03-28,812,PUT
589,2025-03-28,575,PUT
590,2025-03-28,3126,PUT
591,2025-03-28,476,PUT
541,2025-03-31,2045,PUT
542,2025-03-31,2137,PUT
543,2025-03-31,1646,PUT
544,2025-03-31,1755,PUT
545,2025-03-31,42567,PUT
546,2025-03-31,917,PUT
547,2025-03-31,19113,PUT
550,2025-03-31,39000,PUT
551,2025-03-31,1400,PUT
552,2025-03-31,1850,PUT
553,2025-03-31,8944,PUT
554,2025-03-31,2306,PUT
555,2025-03-31,52918,PUT
556,2025-03-31,1107,PUT
557,2025-03-31,1029,PUT
558,2025-03-31,1683,PUT
559,2025-03-31,2423,PUT
560,2025-03-31,22924,PUT
561,2025-03-31,758,PUT
562,2025-03-31,16383,PUT
563,2025-03-31,1967,PUT
564,2025-03-31,1550,PUT
565,2025-03-31,12150,PUT
566,2025-03-31,4029,PUT
567,2025-03-31,1054,PUT
568,2025-03-31,16974,PUT
569,2025-03-31,1295,PUT
570,2025-03-31,14870,PUT
571,2025-03-31,1406,PUT
572,2025-03-31,1299,PUT
573,2025-03-31,1090,PUT
574,2025-03-31,2013,PUT
575,2025-03-31,19318,PUT
576,2025-03-31,955,PUT
577,2025-03-31,1922,PUT
578,2025-03-31,1970,PUT
579,2025-03-31,863,PUT
580,2025-03-31,11971,PUT
581,2025-03-31,706,PUT
582,2025-03-31,1126,PUT
583,2025-03-31,2080,PUT
584,2025-03-31,1246,PUT
585,2025-03-31,26128,PUT
586,2025-03-31,7736,PUT
587,2025-03-31,1143,PUT
588,2025-03-31,763,PUT
589,2025-03-31,1170,PUT
590,2025-03-31,6950,PUT
591,2025-03-31,14330,PUT
592,2025-03-31,1227,PUT
520,2025-04-01,0,PUT
530,2025-04-01,0,PUT
540,2025-04-01,0,PUT
550,2025-04-01,0,PUT
555,2025-04-01,0,PUT
556,2025-04-01,0,PUT
557,2025-04-01,0,PUT
558,2025-04-01,0,PUT
559,2025-04-01,0,PUT
560,2025-04-01,0,PUT
561,2025-04-01,0,PUT
562,2025-04-01,0,PUT
563,2025-04-01,0,PUT
564,2025-04-01,0,PUT
565,2025-04-01,0,PUT
566,2025-04-01,0,PUT
567,2025-04-01,0,PUT
568,2025-04-01,0,PUT
569,2025-04-01,0,PUT
570,2025-04-01,0,PUT
571,2025-04-01,0,PUT
572,2025-04-01,0,PUT
573,2025-04-01,0,PUT
574,2025-04-01,0,PUT
575,2025-04-01,0,PUT
580,2025-04-01,0,PUT
590,2025-04-01,0,PUT
600,2025-04-01,0,PUT
610,2025-04-01,0,PUT
620,2025-04-01,0,PUT
546,2025-04-04,141,PUT
547,2025-04-04,201,PUT
547.5,2025-04-04,290,PUT
548,2025-04-04,130,PUT
549,2025-04-04,102,PUT
550,2025-04-04,9507,PUT
551,2025-04-04,182,PUT
552,2025-04-04,107,PUT
552.5,2025-04-04,19,PUT
553,2025-04-04,314,PUT
554,2025-04-04,375,PUT
555,2025-04-04,9256,PUT
556,2025-04-04,3685,PUT
557,2025-04-04,227,PUT
557.5,2025-04-04,207,PUT
558,2025-04-04,1340,PUT
559,2025-04-04,220,PUT
560,2025-04-04,5257,PUT
561,2025-04-04,995,PUT
562,2025-04-04,852,PUT
563,2025-04-04,384,PUT
564,2025-04-04,865,PUT
565,2025-04-04,5617,PUT
566,2025-04-04,245,PUT
567,2025-04-04,662,PUT
568,2025-04-04,534,PUT
569,2025-04-04,303,PUT
570,2025-04-04,1685,PUT
571,2025-04-04,370,PUT
572,2025-04-04,750,PUT
573,2025-04-04,471,PUT
574,2025-04-04,459,PUT
575,2025-04-04,1642,PUT
576,2025-04-04,903,PUT
577,2025-04-04,1151,PUT
578,2025-04-04,560,PUT
579,2025-04-04,471,PUT
580,2025-04-04,3128,PUT
581,2025-04-04,1826,PUT
582,2025-04-04,604,PUT
583,2025-04-04,398,PUT
584,2025-04-04,470,PUT
585,2025-04-04,1059,PUT
586,2025-04-04,147,PUT
587,2025-04-04,231,PUT
588,2025-04-04,2694,PUT
589,2025-04-04,327,PUT
590,2025-04-04,1510,PUT
591,2025-04-04,363,PUT
592,2025-04-04,164,PUT
544,2025-04-11,102,PUT
545,2025-04-11,1019,PUT
546,2025-04-11,138,PUT
547,2025-04-11,270,PUT
548,2025-04-11,281,PUT
549,2025-04-11,370,PUT
550,2025-04-11,2947,PUT
551,2025-04-11,567,PUT
552,2025-04-11,2063,PUT
553,2025-04-11,333,PUT
554,2025-04-11,538,PUT
555,2025-04-11,1307,PUT
556,2025-04-11,364,PUT
557,2025-04-11,586,PUT
558,2025-04-11,792,PUT
559,2025-04-11,847,PUT
560,2025-04-11,2489,PUT
561,2025-04-11,168,PUT
562,2025-04-11,89,PUT
562.5,2025-04-11,182,PUT
563,2025-04-11,329,PUT
564,2025-04-11,175,PUT
565,2025-04-11,5149,PUT
566,2025-04-11,163,PUT
567,2025-04-11,154,PUT
568,2025-04-11,232,PUT
569,2025-04-11,207,PUT
570,2025-04-11,778,PUT
571,2025-04-11,284,PUT
572,2025-04-11,1209,PUT
573,2025-04-11,156,PUT
574,2025-04-11,670,PUT
575,2025-04-11,1080,PUT
576,2025-04-11,82,PUT
577,2025-04-11,237,PUT
578,2025-04-11,260,PUT
579,2025-04-11,126,PUT
580,2025-04-11,597,PUT
581,2025-04-11,62,PUT
582,2025-04-11,54,PUT
582.5,2025-04-11,45,PUT
583,2025-04-11,144,PUT
584,2025-04-11,108,PUT
585,2025-04-11,568,PUT
586,2025-04-11,119,PUT
587,2025-04-11,52,PUT
587.5,2025-04-11,507,PUT
588,2025-04-11,339,PUT
589,2025-04-11,71,PUT
590,2025-04-11,622,PUT
543,2025-04-17,6198,PUT
544,2025-04-17,4330,PUT
545,2025-04-17,40018,PUT
546,2025-04-17,8597,PUT
547,2025-04-17,12217,PUT
548,2025-04-17,5990,PUT
549,2025-04-17,6888,PUT
550,2025-04-17,63092,PUT
551,2025-04-17,7044,PUT
552,2025-04-17,6694,PUT
553,2025-04-17,11623,PUT
554,2025-04-17,6915,PUT
555,2025-04-17,29744,PUT
556,2025-04-17,4054,PUT
557,2025-04-17,2398,PUT
558,2025-04-17,9482,PUT
559,2025-04-17,2516,PUT
560,2025-04-17,86952,PUT
561,2025-04-17,8178,PUT
562,2025-04-17,4908,PUT
563,2025-04-17,5201,PUT
564,2025-04-17,1547,PUT
565,2025-04-17,40387,PUT
566,2025-04-17,4203,PUT
567,2025-04-17,2056,PUT
568,2025-04-17,8508,PUT
569,2025-04-17,3407,PUT
570,2025-04-17,34846,PUT
571,2025-04-17,6789,PUT
572,2025-04-17,3284,PUT
573,2025-04-17,2580,PUT
574,2025-04-17,2452,PUT
575,2025-04-17,23638,PUT
576,2025-04-17,1450,PUT
577,2025-04-17,1257,PUT
578,2025-04-17,3194,PUT
579,2025-04-17,1488,PUT
580,2025-04-17,21735,PUT
581,2025-04-17,1117,PUT
582,2025-04-17,1570,PUT
583,2025-04-17,1596,PUT
584,2025-04-17,1248,PUT
585,2025-04-17,37556,PUT
586,2025-04-17,1034,PUT
587,2025-04-17,1386,PUT
588,2025-04-17,1185,PUT
589,2025-04-17,1130,PUT
590,2025-04-17,42211,PUT
591,2025-04-17,1293,PUT
592,2025-04-17,930,PUT
544,2025-04-25,119,PUT
545,2025-04-25,431,PUT
546,2025-04-25,100,PUT
547,2025-04-25,125,PUT
548,2025-04-25,233,PUT
549,2025-04-25,187,PUT
550,2025-04-25,1632,PUT
551,2025-04-25,177,PUT
552,2025-04-25,117,PUT
553,2025-04-25,222,PUT
554,2025-04-25,50,PUT
555,2025-04-25,264,PUT
556,2025-04-25,64,PUT
557,2025-04-25,108,PUT
558,2025-04-25,180,PUT
559,2025-04-25,93,PUT
560,2025-04-25,714,PUT
561,2025-04-25,107,PUT
562,2025-04-25,53,PUT
562.5,2025-04-25,9,PUT
563,2025-04-25,40,PUT
564,2025-04-25,94,PUT
565,2025-04-25,225,PUT
566,2025-04-25,23,PUT
567,2025-04-25,136,PUT
568,2025-04-25,92,PUT
569,2025-04-25,35,PUT
570,2025-04-25,272,PUT
571,2025-04-25,41,PUT
572,2025-04-25,84,PUT
573,2025-04-25,56,PUT
574,2025-04-25,41,PUT
575,2025-04-25,78,PUT
576,2025-04-25,25,PUT
577,2025-04-25,29,PUT
578,2025-04-25,20,PUT
579,2025-04-25,12,PUT
580,2025-04-25,86,PUT
581,2025-04-25,41,PUT
582,2025-04-25,9,PUT
583,2025-04-25,19,PUT
584,2025-04-25,10,PUT
585,2025-04-25,77,PUT
586,2025-04-25,7,PUT
587,2025-04-25,11,PUT
588,2025-04-25,6,PUT
589,2025-04-25,14,PUT
590,2025-04-25,34,PUT
591,2025-04-25,5,PUT
592,2025-04-25,5,PUT
543,2025-04-30,1306,PUT
544,2025-04-30,1107,PUT
545,2025-04-30,9525,PUT
546,2025-04-30,421,PUT
547,2025-04-30,901,PUT
548,2025-04-30,714,PUT
549,2025-04-30,449,PUT
550,2025-04-30,23460,PUT
551,2025-04-30,1658,PUT
552,2025-04-30,2237,PUT
553,2025-04-30,1719,PUT
554,2025-04-30,1149,PUT
555,2025-04-30,2428,PUT
556,2025-04-30,1010,PUT
557,2025-04-30,819,PUT
558,2025-04-30,2216,PUT
559,2025-04-30,605,PUT
560,2025-04-30,3803,PUT
561,2025-04-30,4032,PUT
562,2025-04-30,442,PUT
563,2025-04-30,1252,PUT
564,2025-04-30,1650,PUT
565,2025-04-30,4345,PUT
566,2025-04-30,1138,PUT
567,2025-04-30,1415,PUT
568,2025-04-30,1402,PUT
569,2025-04-30,1876,PUT
570,2025-04-30,24229,PUT
571,2025-04-30,1677,PUT
572,2025-04-30,925,PUT
573,2025-04-30,824,PUT
574,2025-04-30,443,PUT
575,2025-04-30,5931,PUT
576,2025-04-30,1074,PUT
577,2025-04-30,1228,PUT
578,2025-04-30,399,PUT
579,2025-04-30,907,PUT
580,2025-04-30,4172,PUT
581,2025-04-30,1655,PUT
582,2025-04-30,474,PUT
583,2025-04-30,521,PUT
584,2025-04-30,935,PUT
585,2025-04-30,1895,PUT
586,2025-04-30,744,PUT
587,2025-04-30,1518,PUT
588,2025-04-30,1514,PUT
589,2025-04-30,1117,PUT
590,2025-04-30,3674,PUT
591,2025-04-30,1178,PUT
592,2025-04-30,402,PUT
547,2025-05-02,50,PUT
547.5,2025-05-02,8,PUT
548,2025-05-02,3,PUT
549,2025-05-02,34,PUT
550,2025-05-02,134,PUT
551,2025-05-02,26,PUT
552,2025-05-02,6,PUT
552.5,2025-05-02,10,PUT
553,2025-05-02,10,PUT
554,2025-05-02,50,PUT
555,2025-05-02,53,PUT
556,2025-05-02,34,PUT
557,2025-05-02,145,PUT
557.5,2025-05-02,123,PUT
558,2025-05-02,199,PUT
559,2025-05-02,78,PUT
560,2025-05-02,283,PUT
561,2025-05-02,71,PUT
562,2025-05-02,163,PUT
562.5,2025-05-02,191,PUT
563,2025-05-02,173,PUT
564,2025-05-02,336,PUT
565,2025-05-02,780,PUT
566,2025-05-02,1328,PUT
567,2025-05-02,383,PUT
567.5,2025-05-02,147,PUT
568,2025-05-02,313,PUT
569,2025-05-02,536,PUT
570,2025-05-02,614,PUT
571,2025-05-02,607,PUT
572,2025-05-02,309,PUT
572.5,2025-05-02,5,PUT
573,2025-05-02,7,PUT
574,2025-05-02,12,PUT
575,2025-05-02,16,PUT
576,2025-05-02,10,PUT
577,2025-05-02,35,PUT
578,2025-05-02,1,PUT
579,2025-05-02,5,PUT
580,2025-05-02,64,PUT
585,2025-05-02,5,PUT
590,2025-05-02,22,PUT
595,2025-05-02,1,PUT
600,2025-05-02,4,PUT
605,2025-05-02,2,PUT
610,2025-05-02,0,PUT
615,2025-05-02,0,PUT
620,2025-05-02,0,PUT
625,2025-05-02,0,PUT
630,2025-05-02,0,PUT
543,2025-05-16,564,PUT
544,2025-05-16,420,PUT
545,2025-05-16,16290,PUT
546,2025-05-16,410,PUT
547,2025-05-16,231,PUT
548,2025-05-16,445,PUT
549,2025-05-16,298,PUT
550,2025-05-16,25251,PUT
551,2025-05-16,255,PUT
552,2025-05-16,685,PUT
553,2025-05-16,415,PUT
554,2025-05-16,255,PUT
555,2025-05-16,10221,PUT
556,2025-05-16,604,PUT
557,2025-05-16,8378,PUT
558,2025-05-16,356,PUT
559,2025-05-16,441,PUT
560,2025-05-16,5917,PUT
561,2025-05-16,377,PUT
562,2025-05-16,608,PUT
563,2025-05-16,451,PUT
564,2025-05-16,426,PUT
565,2025-05-16,6146,PUT
566,2025-05-16,544,PUT
567,2025-05-16,872,PUT
568,2025-05-16,1021,PUT
569,2025-05-16,1068,PUT
570,2025-05-16,12633,PUT
571,2025-05-16,123,PUT
572,2025-05-16,124,PUT
573,2025-05-16,89,PUT
574,2025-05-16,107,PUT
575,2025-05-16,7467,PUT
576,2025-05-16,96,PUT
577,2025-05-16,29,PUT
578,2025-05-16,160,PUT
579,2025-05-16,40,PUT
580,2025-05-16,8901,PUT
581,2025-05-16,343,PUT
582,2025-05-16,301,PUT
583,2025-05-16,630,PUT
584,2025-05-16,524,PUT
585,2025-05-16,6352,PUT
586,2025-05-16,231,PUT
587,2025-05-16,219,PUT
588,2025-05-16,975,PUT
589,2025-05-16,599,PUT
590,2025-05-16,8415,PUT
591,2025-05-16,171,PUT
592,2025-05-16,212,PUT
543,2025-05-30,316,PUT
544,2025-05-30,93,PUT
545,2025-05-30,1610,PUT
546,2025-05-30,120,PUT
547,2025-05-30,100,PUT
548,2025-05-30,148,PUT
549,2025-05-30,107,PUT
550,2025-05-30,4919,PUT
551,2025-05-30,140,PUT
552,2025-05-30,463,PUT
553,2025-05-30,362,PUT
554,2025-05-30,3720,PUT
555,2025-05-30,942,PUT
556,2025-05-30,490,PUT
557,2025-05-30,468,PUT
558,2025-05-30,1249,PUT
559,2025-05-30,404,PUT
560,2025-05-30,2180,PUT
561,2025-05-30,436,PUT
562,2025-05-30,1056,PUT
563,2025-05-30,16183,PUT
564,2025-05-30,293,PUT
565,2025-05-30,2210,PUT
566,2025-05-30,209,PUT
567,2025-05-30,290,PUT
568,2025-05-30,478,PUT
569,2025-05-30,275,PUT
570,2025-05-30,2695,PUT
571,2025-05-30,1064,PUT
572,2025-05-30,256,PUT
573,2025-05-30,166,PUT
574,2025-05-30,374,PUT
575,2025-05-30,1243,PUT
576,2025-05-30,5098,PUT
577,2025-05-30,727,PUT
578,2025-05-30,367,PUT
579,2025-05-30,914,PUT
580,2025-05-30,3606,PUT
581,2025-05-30,334,PUT
582,2025-05-30,218,PUT
583,2025-05-30,172,PUT
584,2025-05-30,1620,PUT
585,2025-05-30,1713,PUT
586,2025-05-30,753,PUT
587,2025-05-30,382,PUT
588,2025-05-30,621,PUT
589,2025-05-30,276,PUT
590,2025-05-30,1420,PUT
591,2025-05-30,200,PUT
592,2025-05-30,248,PUT
445,2025-06-20,3679,PUT
450,2025-06-20,13690,PUT
455,2025-06-20,32631,PUT
460,2025-06-20,8442,PUT
465,2025-06-20,6267,PUT
470,2025-06-20,10756,PUT
475,2025-06-20,8808,PUT
480,2025-06-20,15914,PUT
485,2025-06-20,24307,PUT
490,2025-06-20,12804,PUT
495,2025-06-20,9031,PUT
500,2025-06-20,36306,PUT
505,2025-06-20,45810,PUT
510,2025-06-20,12764,PUT
515,2025-06-20,23726,PUT
520,2025-06-20,27531,PUT
525,2025-06-20,42616,PUT
530,2025-06-20,28896,PUT
535,2025-06-20,9075,PUT
540,2025-06-20,56713,PUT
545,2025-06-20,105599,PUT
550,2025-06-20,32838,PUT
555,2025-06-20,25497,PUT
560,2025-06-20,33365,PUT
565,2025-06-20,9756,PUT
570,2025-06-20,11421,PUT
575,2025-06-20,16994,PUT
580,2025-06-20,20111,PUT
585,2025-06-20,12658,PUT
590,2025-06-20,11901,PUT
595,2025-06-20,9042,PUT
600,2025-06-20,14147,PUT
605,2025-06-20,6757,PUT
610,2025-06-20,7074,PUT
615,2025-06-20,4518,PUT
620,2025-06-20,588,PUT
625,2025-06-20,615,PUT
630,2025-06-20,120,PUT
635,2025-06-20,52,PUT
640,2025-06-20,34,PUT
645,2025-06-20,25,PUT
650,2025-06-20,45,PUT
655,2025-06-20,0,PUT
660,2025-06-20,3,PUT
665,2025-06-20,0,PUT
670,2025-06-20,0,PUT
675,2025-06-20,0,PUT
680,2025-06-20,1,PUT
685,2025-06-20,0,PUT
690,2025-06-20,0,PUT
543,2025-06-30,513,PUT
544,2025-06-30,276,PUT
545,2025-06-30,1775,PUT
546,2025-06-30,316,PUT
547,2025-06-30,278,PUT
548,2025-06-30,183,PUT
549,2025-06-30,159,PUT
550,2025-06-30,2207,PUT
551,2025-06-30,94,PUT
552,2025-06-30,545,PUT
553,2025-06-30,250,PUT
554,2025-06-30,549,PUT
555,2025-06-30,530,PUT
556,2025-06-30,282,PUT
557,2025-06-30,190,PUT
558,2025-06-30,135,PUT
559,2025-06-30,181,PUT
560,2025-06-30,1902,PUT
561,2025-06-30,326,PUT
562,2025-06-30,234,PUT
563,2025-06-30,807,PUT
564,2025-06-30,107,PUT
565,2025-06-30,1119,PUT
566,2025-06-30,343,PUT
567,2025-06-30,474,PUT
568,2025-06-30,1458,PUT
569,2025-06-30,487,PUT
570,2025-06-30,3502,PUT
575,2025-06-30,1179,PUT
580,2025-06-30,2724,PUT
585,2025-06-30,2293,PUT
590,2025-06-30,1832,PUT
595,2025-06-30,2396,PUT
600,2025-06-30,5106,PUT
605,2025-06-30,3627,PUT
610,2025-06-30,902,PUT
615,2025-06-30,621,PUT
620,2025-06-30,280,PUT
625,2025-06-30,43,PUT
630,2025-06-30,56,PUT
635,2025-06-30,16,PUT
640,2025-06-30,16,PUT
645,2025-06-30,111,PUT
650,2025-06-30,41,PUT
655,2025-06-30,0,PUT
660,2025-06-30,0,PUT
665,2025-06-30,0,PUT
670,2025-06-30,0,PUT
675,2025-06-30,0,PUT
680,2025-06-30,0,PUT
445,2025-07-18,1209,PUT
450,2025-07-18,2538,PUT
455,2025-07-18,2208,PUT
460,2025-07-18,1567,PUT
465,2025-07-18,1181,PUT
470,2025-07-18,4679,PUT
475,2025-07-18,4047,PUT
480,2025-07-18,813,PUT
485,2025-07-18,600,PUT
490,2025-07-18,3905,PUT
495,2025-07-18,398,PUT
500,2025-07-18,11088,PUT
505,2025-07-18,1374,PUT
510,2025-07-18,719,PUT
515,2025-07-18,2445,PUT
520,2025-07-18,2809,PUT
525,2025-07-18,7645,PUT
530,2025-07-18,6948,PUT
535,2025-07-18,7276,PUT
540,2025-07-18,6766,PUT
545,2025-07-18,9827,PUT
550,2025-07-18,12395,PUT
555,2025-07-18,7824,PUT
560,2025-07-18,9953,PUT
565,2025-07-18,4537,PUT
570,2025-07-18,6328,PUT
575,2025-07-18,5840,PUT
580,2025-07-18,5532,PUT
585,2025-07-18,2134,PUT
590,2025-07-18,2385,PUT
595,2025-07-18,2174,PUT
600,2025-07-18,2065,PUT
605,2025-07-18,2834,PUT
610,2025-07-18,3131,PUT
615,2025-07-18,3110,PUT
620,2025-07-18,707,PUT
625,2025-07-18,149,PUT
630,2025-07-18,161,PUT
635,2025-07-18,154,PUT
640,2025-07-18,150,PUT
645,2025-07-18,19,PUT
650,2025-07-18,2,PUT
655,2025-07-18,0,PUT
660,2025-07-18,0,PUT
665,2025-07-18,0,PUT
670,2025-07-18,0,PUT
675,2025-07-18,0,PUT
680,2025-07-18,6,PUT
685,2025-07-18,0,PUT
690,2025-07-18,0,PUT
520,2025-07-31,157,PUT
525,2025-07-31,300,PUT
530,2025-07-31,341,PUT
535,2025-07-31,74,PUT
540,2025-07-31,120,PUT
545,2025-07-31,119,PUT
549,2025-07-31,268,PUT
550,2025-07-31,582,PUT
551,2025-07-31,12,PUT
552,2025-07-31,183,PUT
553,2025-07-31,102,PUT
554,2025-07-31,353,PUT
555,2025-07-31,150,PUT
556,2025-07-31,5,PUT
557,2025-07-31,6,PUT
558,2025-07-31,782,PUT
559,2025-07-31,905,PUT
560,2025-07-31,468,PUT
561,2025-07-31,6,PUT
562,2025-07-31,29,PUT
563,2025-07-31,474,PUT
564,2025-07-31,34,PUT
565,2025-07-31,96,PUT
566,2025-07-31,3,PUT
567,2025-07-31,6,PUT
568,2025-07-31,179,PUT
569,2025-07-31,13,PUT
570,2025-07-31,290,PUT
571,2025-07-31,6,PUT
572,2025-07-31,10,PUT
573,2025-07-31,11,PUT
574,2025-07-31,17,PUT
575,2025-07-31,53,PUT
576,2025-07-31,7,PUT
577,2025-07-31,5,PUT
578,2025-07-31,5,PUT
579,2025-07-31,20,PUT
580,2025-07-31,3122,PUT
581,2025-07-31,45,PUT
582,2025-07-31,24,PUT
583,2025-07-31,6,PUT
584,2025-07-31,292,PUT
585,2025-07-31,111,PUT
586,2025-07-31,2077,PUT
587,2025-07-31,701,PUT
588,2025-07-31,888,PUT
589,2025-07-31,400,PUT
590,2025-07-31,297,PUT
591,2025-07-31,133,PUT
592,2025-07-31,160,PUT
543,2025-08-15,371,PUT
544,2025-08-15,178,PUT
545,2025-08-15,1984,PUT
546,2025-08-15,2333,PUT
547,2025-08-15,208,PUT
548,2025-08-15,447,PUT
549,2025-08-15,1854,PUT
550,2025-08-15,5033,PUT
551,2025-08-15,1017,PUT
552,2025-08-15,262,PUT
553,2025-08-15,551,PUT
554,2025-08-15,415,PUT
555,2025-08-15,1742,PUT
556,2025-08-15,2434,PUT
557,2025-08-15,3537,PUT
558,2025-08-15,139,PUT
559,2025-08-15,546,PUT
560,2025-08-15,3271,PUT
561,2025-08-15,1406,PUT
562,2025-08-15,841,PUT
563,2025-08-15,3736,PUT
564,2025-08-15,1417,PUT
565,2025-08-15,2350,PUT
566,2025-08-15,615,PUT
567,2025-08-15,706,PUT
568,2025-08-15,1360,PUT
569,2025-08-15,918,PUT
570,2025-08-15,545,PUT
571,2025-08-15,224,PUT
572,2025-08-15,2370,PUT
573,2025-08-15,3822,PUT
574,2025-08-15,347,PUT
575,2025-08-15,1261,PUT
576,2025-08-15,1078,PUT
577,2025-08-15,209,PUT
578,2025-08-15,2100,PUT
579,2025-08-15,436,PUT
580,2025-08-15,4363,PUT
585,2025-08-15,4001,PUT
590,2025-08-15,1693,PUT
595,2025-08-15,1504,PUT
600,2025-08-15,8601,PUT
605,2025-08-15,700,PUT
610,2025-08-15,1105,PUT
615,2025-08-15,578,PUT
620,2025-08-15,1568,PUT
625,2025-08-15,125,PUT
630,2025-08-15,118,PUT
635,2025-08-15,368,PUT
640,2025-08-15,489,PUT
535,2025-08-29,141,PUT
540,2025-08-29,304,PUT
545,2025-08-29,1674,PUT
546,2025-08-29,2,PUT
547,2025-08-29,18,PUT
548,2025-08-29,84,PUT
549,2025-08-29,0,PUT
550,2025-08-29,158,PUT
551,2025-08-29,1,PUT
552,2025-08-29,86,PUT
553,2025-08-29,1,PUT
554,2025-08-29,2,PUT
555,2025-08-29,66,PUT
556,2025-08-29,97,PUT
557,2025-08-29,126,PUT
558,2025-08-29,73,PUT
559,2025-08-29,16,PUT
560,2025-08-29,108,PUT
561,2025-08-29,10,PUT
562,2025-08-29,8,PUT
563,2025-08-29,14,PUT
564,2025-08-29,17,PUT
565,2025-08-29,37,PUT
566,2025-08-29,11,PUT
567,2025-08-29,38,PUT
568,2025-08-29,88,PUT
569,2025-08-29,135,PUT
570,2025-08-29,148,PUT
571,2025-08-29,1,PUT
572,2025-08-29,4,PUT
573,2025-08-29,38,PUT
574,2025-08-29,11,PUT
575,2025-08-29,85,PUT
576,2025-08-29,55,PUT
577,2025-08-29,3,PUT
578,2025-08-29,2,PUT
579,2025-08-29,15,PUT
580,2025-08-29,84,PUT
581,2025-08-29,1,PUT
582,2025-08-29,4,PUT
583,2025-08-29,4,PUT
584,2025-08-29,2,PUT
585,2025-08-29,13,PUT
586,2025-08-29,11,PUT
587,2025-08-29,66,PUT
588,2025-08-29,14,PUT
589,2025-08-29,1,PUT
590,2025-08-29,248,PUT
591,2025-08-29,3,PUT
592,2025-08-29,2,PUT
445,2025-09-19,5943,PUT
450,2025-09-19,22274,PUT
455,2025-09-19,2728,PUT
460,2025-09-19,2491,PUT
465,2025-09-19,8155,PUT
470,2025-09-19,2578,PUT
475,2025-09-19,7733,PUT
480,2025-09-19,8481,PUT
485,2025-09-19,5533,PUT
490,2025-09-19,13948,PUT
495,2025-09-19,8827,PUT
500,2025-09-19,22994,PUT
505,2025-09-19,7513,PUT
510,2025-09-19,11292,PUT
515,2025-09-19,13328,PUT
520,2025-09-19,10523,PUT
525,2025-09-19,14753,PUT
530,2025-09-19,13692,PUT
535,2025-09-19,96969,PUT
540,2025-09-19,9306,PUT
545,2025-09-19,11412,PUT
550,2025-09-19,15886,PUT
555,2025-09-19,9694,PUT
560,2025-09-19,17595,PUT
565,2025-09-19,16520,PUT
570,2025-09-19,10416,PUT
575,2025-09-19,9876,PUT
580,2025-09-19,8841,PUT
585,2025-09-19,7782,PUT
590,2025-09-19,7470,PUT
595,2025-09-19,5858,PUT
600,2025-09-19,9738,PUT
605,2025-09-19,4655,PUT
610,2025-09-19,2063,PUT
615,2025-09-19,1528,PUT
620,2025-09-19,903,PUT
625,2025-09-19,213,PUT
630,2025-09-19,214,PUT
635,2025-09-19,194,PUT
640,2025-09-19,229,PUT
645,2025-09-19,4,PUT
650,2025-09-19,39,PUT
655,2025-09-19,1,PUT
660,2025-09-19,8,PUT
665,2025-09-19,1,PUT
670,2025-09-19,10,PUT
675,2025-09-19,1,PUT
680,2025-09-19,0,PUT
685,2025-09-19,0,PUT
690,2025-09-19,0,PUT
543,2025-09-30,19,PUT
544,2025-09-30,5,PUT
545,2025-09-30,268,PUT
546,2025-09-30,103,PUT
547,2025-09-30,18,PUT
548,2025-09-30,116,PUT
549,2025-09-30,39,PUT
550,2025-09-30,976,PUT
551,2025-09-30,33,PUT
552,2025-09-30,72,PUT
553,2025-09-30,48,PUT
554,2025-09-30,194,PUT
555,2025-09-30,260,PUT
556,2025-09-30,24,PUT
557,2025-09-30,12,PUT
558,2025-09-30,105,PUT
559,2025-09-30,122,PUT
560,2025-09-30,611,PUT
561,2025-09-30,39,PUT
562,2025-09-30,52,PUT
563,2025-09-30,30,PUT
564,2025-09-30,28,PUT
565,2025-09-30,281,PUT
566,2025-09-30,52,PUT
567,2025-09-30,66,PUT
568,2025-09-30,19,PUT
569,2025-09-30,42,PUT
570,2025-09-30,511,PUT
571,2025-09-30,174,PUT
572,2025-09-30,338,PUT
573,2025-09-30,65,PUT
574,2025-09-30,805,PUT
575,2025-09-30,432,PUT
576,2025-09-30,108,PUT
577,2025-09-30,31,PUT
578,2025-09-30,151,PUT
579,2025-09-30,33,PUT
580,2025-09-30,1141,PUT
581,2025-09-30,351,PUT
582,2025-09-30,165,PUT
583,2025-09-30,97,PUT
584,2025-09-30,72,PUT
585,2025-09-30,182,PUT
586,2025-09-30,33,PUT
587,2025-09-30,38,PUT
588,2025-09-30,94,PUT
589,2025-09-30,22,PUT
590,2025-09-30,309,PUT
591,2025-09-30,41,PUT
592,2025-09-30,712,PUT
445,2025-12-19,1676,PUT
450,2025-12-19,15452,PUT
455,2025-12-19,15487,PUT
460,2025-12-19,2402,PUT
465,2025-12-19,4445,PUT
470,2025-12-19,6501,PUT
475,2025-12-19,2107,PUT
480,2025-12-19,6922,PUT
485,2025-12-19,3557,PUT
490,2025-12-19,16133,PUT
495,2025-12-19,2801,PUT
500,2025-12-19,13134,PUT
505,2025-12-19,10021,PUT
510,2025-12-19,5943,PUT
515,2025-12-19,4177,PUT
520,2025-12-19,31196,PUT
525,2025-12-19,4524,PUT
530,2025-12-19,6590,PUT
535,2025-12-19,1608,PUT
540,2025-12-19,8992,PUT
545,2025-12-19,4336,PUT
550,2025-12-19,11165,PUT
555,2025-12-19,7306,PUT
560,2025-12-19,7584,PUT
565,2025-12-19,4149,PUT
570,2025-12-19,6260,PUT
575,2025-12-19,2669,PUT
580,2025-12-19,4687,PUT
585,2025-12-19,4300,PUT
590,2025-12-19,4165,PUT
595,2025-12-19,2951,PUT
600,2025-12-19,5912,PUT
605,2025-12-19,5451,PUT
610,2025-12-19,12710,PUT
615,2025-12-19,455,PUT
620,2025-12-19,3461,PUT
625,2025-12-19,2240,PUT
630,2025-12-19,9836,PUT
635,2025-12-19,228,PUT
640,2025-12-19,344,PUT
645,2025-12-19,115,PUT
650,2025-12-19,213,PUT
655,2025-12-19,75,PUT
660,2025-12-19,12,PUT
665,2025-12-19,2,PUT
670,2025-12-19,6,PUT
675,2025-12-19,0,PUT
680,2025-12-19,0,PUT
685,2025-12-19,0,PUT
690,2025-12-19,0,PUT
543,2025-12-31,61,PUT
544,2025-12-31,32,PUT
545,2025-12-31,302,PUT
546,2025-12-31,135,PUT
547,2025-12-31,129,PUT
548,2025-12-31,87,PUT
549,2025-12-31,247,PUT
550,2025-12-31,398,PUT
551,2025-12-31,92,PUT
552,2025-12-31,51,PUT
553,2025-12-31,106,PUT
554,2025-12-31,85,PUT
555,2025-12-31,3634,PUT
556,2025-12-31,131,PUT
557,2025-12-31,20,PUT
558,2025-12-31,98,PUT
559,2025-12-31,94,PUT
560,2025-12-31,290,PUT
561,2025-12-31,60,PUT
562,2025-12-31,164,PUT
563,2025-12-31,383,PUT
564,2025-12-31,1381,PUT
565,2025-12-31,398,PUT
566,2025-12-31,319,PUT
567,2025-12-31,228,PUT
568,2025-12-31,1026,PUT
569,2025-12-31,792,PUT
570,2025-12-31,566,PUT
571,2025-12-31,339,PUT
572,2025-12-31,73,PUT
573,2025-12-31,256,PUT
574,2025-12-31,76,PUT
575,2025-12-31,1707,PUT
576,2025-12-31,120,PUT
577,2025-12-31,51,PUT
578,2025-12-31,48,PUT
579,2025-12-31,260,PUT
580,2025-12-31,744,PUT
581,2025-12-31,239,PUT
582,2025-12-31,86,PUT
583,2025-12-31,163,PUT
584,2025-12-31,160,PUT
585,2025-12-31,367,PUT
586,2025-12-31,317,PUT
587,2025-12-31,310,PUT
588,2025-12-31,77,PUT
589,2025-12-31,162,PUT
590,2025-12-31,777,PUT
591,2025-12-31,34,PUT
592,2025-12-31,528,PUT
445,2026-01-16,2157,PUT
450,2026-01-16,12558,PUT
455,2026-01-16,2700,PUT
460,2026-01-16,2790,PUT
465,2026-01-16,2521,PUT
470,2026-01-16,3593,PUT
475,2026-01-16,13141,PUT
480,2026-01-16,6787,PUT
485,2026-01-16,6407,PUT
490,2026-01-16,9524,PUT
495,2026-01-16,6610,PUT
500,2026-01-16,20334,PUT
505,2026-01-16,4994,PUT
510,2026-01-16,5159,PUT
515,2026-01-16,5154,PUT
520,2026-01-16,15017,PUT
525,2026-01-16,20235,PUT
530,2026-01-16,8436,PUT
535,2026-01-16,10398,PUT
540,2026-01-16,10559,PUT
545,2026-01-16,12326,PUT
550,2026-01-16,18746,PUT
555,2026-01-16,20809,PUT
560,2026-01-16,13309,PUT
565,2026-01-16,16206,PUT
570,2026-01-16,4029,PUT
575,2026-01-16,4243,PUT
580,2026-01-16,6505,PUT
585,2026-01-16,2385,PUT
590,2026-01-16,3272,PUT
595,2026-01-16,5122,PUT
600,2026-01-16,8446,PUT
605,2026-01-16,7536,PUT
610,2026-01-16,10723,PUT
615,2026-01-16,4879,PUT
620,2026-01-16,2402,PUT
625,2026-01-16,1080,PUT
630,2026-01-16,488,PUT
635,2026-01-16,624,PUT
640,2026-01-16,698,PUT
645,2026-01-16,753,PUT
650,2026-01-16,912,PUT
655,2026-01-16,135,PUT
660,2026-01-16,8,PUT
665,2026-01-16,19,PUT
670,2026-01-16,6,PUT
675,2026-01-16,0,PUT
680,2026-01-16,0,PUT
685,2026-01-16,0,PUT
690,2026-01-16,0,PUT
445,2026-03-20,1092,PUT
450,2026-03-20,5035,PUT
455,2026-03-20,232,PUT
460,2026-03-20,577,PUT
465,2026-03-20,378,PUT
470,2026-03-20,718,PUT
475,2026-03-20,582,PUT
480,2026-03-20,692,PUT
485,2026-03-20,1433,PUT
490,2026-03-20,562,PUT
495,2026-03-20,389,PUT
500,2026-03-20,8015,PUT
505,2026-03-20,808,PUT
510,2026-03-20,1990,PUT
515,2026-03-20,420,PUT
520,2026-03-20,3081,PUT
525,2026-03-20,763,PUT
530,2026-03-20,1194,PUT
535,2026-03-20,1629,PUT
540,2026-03-20,278,PUT
545,2026-03-20,473,PUT
550,2026-03-20,893,PUT
555,2026-03-20,1617,PUT
560,2026-03-20,658,PUT
565,2026-03-20,934,PUT
570,2026-03-20,1563,PUT
575,2026-03-20,1866,PUT
580,2026-03-20,569,PUT
585,2026-03-20,302,PUT
590,2026-03-20,2226,PUT
595,2026-03-20,2418,PUT
600,2026-03-20,4622,PUT
605,2026-03-20,1147,PUT
610,2026-03-20,3251,PUT
615,2026-03-20,859,PUT
620,2026-03-20,1358,PUT
625,2026-03-20,413,PUT
630,2026-03-20,165,PUT
635,2026-03-20,433,PUT
640,2026-03-20,56,PUT
645,2026-03-20,40,PUT
650,2026-03-20,53,PUT
655,2026-03-20,12,PUT
660,2026-03-20,103,PUT
665,2026-03-20,1,PUT
670,2026-03-20,2,PUT
675,2026-03-20,5,PUT
680,2026-03-20,1,PUT
685,2026-03-20,0,PUT
690,2026-03-20,1,PUT
445,2026-06-18,147,PUT
450,2026-06-18,3096,PUT
455,2026-06-18,380,PUT
460,2026-06-18,1431,PUT
465,2026-06-18,642,PUT
470,2026-06-18,512,PUT
475,2026-06-18,643,PUT
480,2026-06-18,1936,PUT
485,2026-06-18,575,PUT
490,2026-06-18,493,PUT
495,2026-06-18,911,PUT
500,2026-06-18,7233,PUT
505,2026-06-18,1159,PUT
510,2026-06-18,623,PUT
515,2026-06-18,343,PUT
520,2026-06-18,1263,PUT
525,2026-06-18,493,PUT
530,2026-06-18,480,PUT
535,2026-06-18,245,PUT
540,2026-06-18,2659,PUT
545,2026-06-18,480,PUT
550,2026-06-18,4590,PUT
555,2026-06-18,249,PUT
560,2026-06-18,3026,PUT
565,2026-06-18,479,PUT
570,2026-06-18,1277,PUT
575,2026-06-18,1947,PUT
580,2026-06-18,1960,PUT
585,2026-06-18,2218,PUT
590,2026-06-18,5637,PUT
595,2026-06-18,688,PUT
600,2026-06-18,1005,PUT
605,2026-06-18,2001,PUT
610,2026-06-18,3023,PUT
615,2026-06-18,315,PUT
620,2026-06-18,156,PUT
625,2026-06-18,183,PUT
630,2026-06-18,78,PUT
635,2026-06-18,15,PUT
640,2026-06-18,136,PUT
645,2026-06-18,55,PUT
650,2026-06-18,147,PUT
655,2026-06-18,11,PUT
660,2026-06-18,121,PUT
665,2026-06-18,48,PUT
670,2026-06-18,4,PUT
675,2026-06-18,10,PUT
680,2026-06-18,0,PUT
685,2026-06-18,0,PUT
690,2026-06-18,0,PUT
445,2026-12-18,974,PUT
450,2026-12-18,8719,PUT
455,2026-12-18,1097,PUT
460,2026-12-18,1290,PUT
465,2026-12-18,990,PUT
470,2026-12-18,2154,PUT
475,2026-12-18,2060,PUT
480,2026-12-18,2023,PUT
485,2026-12-18,1339,PUT
490,2026-12-18,1675,PUT
495,2026-12-18,1672,PUT
500,2026-12-18,4790,PUT
505,2026-12-18,768,PUT
510,2026-12-18,3497,PUT
515,2026-12-18,1751,PUT
520,2026-12-18,3716,PUT
525,2026-12-18,3476,PUT
530,2026-12-18,4070,PUT
535,2026-12-18,2637,PUT
540,2026-12-18,2073,PUT
545,2026-12-18,1481,PUT
550,2026-12-18,1530,PUT
555,2026-12-18,1822,PUT
560,2026-12-18,1575,PUT
565,2026-12-18,687,PUT
570,2026-12-18,492,PUT
575,2026-12-18,323,PUT
580,2026-12-18,1577,PUT
585,2026-12-18,2542,PUT
590,2026-12-18,1706,PUT
595,2026-12-18,633,PUT
600,2026-12-18,3293,PUT
605,2026-12-18,571,PUT
610,2026-12-18,1201,PUT
615,2026-12-18,1671,PUT
620,2026-12-18,8239,PUT
625,2026-12-18,624,PUT
630,2026-12-18,65,PUT
635,2026-12-18,49,PUT
640,2026-12-18,37,PUT
645,2026-12-18,35,PUT
650,2026-12-18,55,PUT
655,2026-12-18,21,PUT
660,2026-12-18,35,PUT
665,2026-12-18,19,PUT
670,2026-12-18,7,PUT
675,2026-12-18,14,PUT
680,2026-12-18,13,PUT
685,2026-12-18,4,PUT
690,2026-12-18,2,PUT
445,2027-01-15,125,PUT
450,2027-01-15,4368,PUT
455,2027-01-15,444,PUT
460,2027-01-15,1109,PUT
465,2027-01-15,246,PUT
470,2027-01-15,46,PUT
475,2027-01-15,78,PUT
480,2027-01-15,161,PUT
485,2027-01-15,344,PUT
490,2027-01-15,383,PUT
495,2027-01-15,118,PUT
500,2027-01-15,1390,PUT
505,2027-01-15,766,PUT
510,2027-01-15,403,PUT
515,2027-01-15,320,PUT
520,2027-01-15,240,PUT
525,2027-01-15,273,PUT
530,2027-01-15,619,PUT
535,2027-01-15,1239,PUT
540,2027-01-15,3539,PUT
545,2027-01-15,1083,PUT
550,2027-01-15,2017,PUT
555,2027-01-15,205,PUT
560,2027-01-15,400,PUT
565,2027-01-15,155,PUT
570,2027-01-15,290,PUT
575,2027-01-15,120,PUT
580,2027-01-15,233,PUT
585,2027-01-15,147,PUT
590,2027-01-15,563,PUT
595,2027-01-15,299,PUT
600,2027-01-15,2517,PUT
605,2027-01-15,543,PUT
610,2027-01-15,629,PUT
615,2027-01-15,242,PUT
620,2027-01-15,541,PUT
625,2027-01-15,189,PUT
630,2027-01-15,225,PUT
635,2027-01-15,75,PUT
640,2027-01-15,96,PUT
645,2027-01-15,118,PUT
650,2027-01-15,715,PUT
655,2027-01-15,56,PUT
660,2027-01-15,200,PUT
665,2027-01-15,56,PUT
670,2027-01-15,169,PUT
675,2027-01-15,6,PUT
680,2027-01-15,11,PUT
685,2027-01-15,41,PUT
690,2027-01-15,36,PUT
445,2027-12-17,467,PUT
450,2027-12-17,4877,PUT
455,2027-12-17,342,PUT
460,2027-12-17,5507,PUT
465,2027-12-17,327,PUT
470,2027-12-17,223,PUT
475,2027-12-17,584,PUT
480,2027-12-17,350,PUT
485,2027-12-17,279,PUT
490,2027-12-17,311,PUT
495,2027-12-17,344,PUT
500,2027-12-17,536,PUT
505,2027-12-17,122,PUT
510,2027-12-17,226,PUT
515,2027-12-17,478,PUT
520,2027-12-17,172,PUT
525,2027-12-17,494,PUT
530,2027-12-17,335,PUT
535,2027-12-17,281,PUT
540,2027-12-17,906,PUT
545,2027-12-17,202,PUT
550,2027-12-17,662,PUT
555,2027-12-17,341,PUT
560,2027-12-17,501,PUT
565,2027-12-17,595,PUT
570,2027-12-17,198,PUT
575,2027-12-17,222,PUT
580,2027-12-17,271,PUT
585,2027-12-17,116,PUT
590,2027-12-17,295,PUT
595,2027-12-17,470,PUT
600,2027-12-17,4565,PUT
605,2027-12-17,901,PUT
610,2027-12-17,605,PUT
615,2027-12-17,35,PUT
620,2027-12-17,82,PUT
625,2027-12-17,10,PUT
630,2027-12-17,323,PUT
635,2027-12-17,2,PUT
640,2027-12-17,158,PUT
645,2027-12-17,7,PUT
650,2027-12-17,374,PUT
655,2027-12-17,56,PUT
660,2027-12-17,63,PUT
665,2027-12-17,11,PUT
670,2027-12-17,27,PUT
675,2027-12-17,2,PUT
680,2027-12-17,13,PUT
685,2027-12-17,79,PUT
690,2027-12-17,7,PUT
